user_id,movie_id,rating,timestamp
U00001,M00119,4,1688245937
U00001,M00122,1,1644800696
U00001,M00018,5,1662760006
U00001,M00124,4,1685868689
U00001,M00195,5,1682055331
U00001,M00193,5,1697192272
U00001,M00089,4,1636942666
U00001,M00160,5,1718114833
U00001,M00045,4,1679449553
U00001,M00187,3,1721245061
U00001,M00121,5,1710505853
U00001,M00186,5,1727533904
U00001,M00150,5,1675544938
U00001,M00131,5,1647167603
U00001,M00047,5,1606249797
U00001,M00177,4,1617378508
U00002,M00016,4,1645951674
U00002,M00177,5,1627138997
U00002,M00083,4,1694813778
U00002,M00062,4,1634927842
U00002,M00103,5,1749341594
U00002,M00101,3,1687966775
U00002,M00195,4,1640330889
U00002,M00085,5,1683425973
U00002,M00044,5,1692074549
U00002,M00116,4,1732177867
U00002,M00138,4,1679702205
U00002,M00121,5,1715294138
U00002,M00150,5,1736432836
U00002,M00038,5,1618024921
U00002,M00018,4,1727541144
U00002,M00134,5,1727196446
U00003,M00163,5,1648789058
U00003,M00006,4,1746687546
U00003,M00136,5,1697475576
U00003,M00185,4,1612722890
U00003,M00169,5,1639914617
U00003,M00096,5,1738705250
U00003,M00122,4,1655905351
U00003,M00067,4,1739734685
U00003,M00157,5,1701295844
U00003,M00186,5,1601218716
U00003,M00179,5,1657272744
U00003,M00087,4,1607344556
U00003,M00170,3,1635047987
U00003,M00021,3,1639446599
U00003,M00183,4,1704972611
U00003,M00165,5,1734345232
U00004,M00188,4,1635264567
U00004,M00013,5,1645901517
U00004,M00031,5,1679431308
U00004,M00176,5,1692983570
U00004,M00054,4,1698015881
U00004,M00025,4,1644954345
U00004,M00046,4,1648373852
U00004,M00034,5,1600230244
U00004,M00082,5,1642487039
U00004,M00119,3,1717573616
U00004,M00100,4,1742490175
U00004,M00075,4,1700738833
U00004,M00182,5,1735383095
U00004,M00106,3,1625679491
U00004,M00071,4,1684325610
U00004,M00196,5,1647842375
U00005,M00057,5,1620730805
U00005,M00069,3,1739933781
U00005,M00042,4,1628248296
U00005,M00144,4,1705939422
U00005,M00158,2,1693022392
U00005,M00133,4,1642100026
U00005,M00184,5,1728005418
U00005,M00053,4,1734505555
U00005,M00009,5,1715940608
U00005,M00021,4,1637271164
U00005,M00070,4,1736414796
U00005,M00027,4,1710120895
U00005,M00026,4,1721973901
U00005,M00199,5,1616945088
U00005,M00170,2,1690110087
U00005,M00126,4,1695356700
U00006,M00128,5,1640151128
U00006,M00188,5,1713763335
U00006,M00008,4,1738634002
U00006,M00132,3,1677187457
U00006,M00003,5,1653764669
U00006,M00057,1,1715832545
U00006,M00047,4,1733448463
U00006,M00094,5,1670319674
U00006,M00125,4,1702296312
U00006,M00137,4,1629931298
U00006,M00111,5,1636564638
U00006,M00121,5,1696665205
U00006,M00182,4,1731754860
U00006,M00176,5,1613315829
U00006,M00029,5,1711257461
U00006,M00031,5,1742462643
U00007,M00133,5,1672223701
U00007,M00139,5,1701023236
U00007,M00177,4,1674325983
U00007,M00132,4,1620312163
U00007,M00044,5,1644216092
U00007,M00103,5,1715901114
U00007,M00031,5,1692094427
U00007,M00131,5,1747355002
U00007,M00160,4,1661518671
U00007,M00038,4,1620669030
U00007,M00027,5,1614546683
U00007,M00026,4,1660383655
U00007,M00193,4,1681354660
U00007,M00121,5,1624046803
U00007,M00130,4,1710269414
U00007,M00150,5,1660728244
U00008,M00148,5,1648229948
U00008,M00104,3,1745641897
U00008,M00015,5,1660067686
U00008,M00119,3,1725952672
U00008,M00097,4,1748290584
U00008,M00170,5,1655631499
U00008,M00033,5,1702280314
U00008,M00149,4,1651208060
U00008,M00177,4,1608564752
U00008,M00075,4,1719045307
U00008,M00061,5,1679654005
U00008,M00160,4,1665698440
U00008,M00039,4,1682895703
U00008,M00048,4,1749005274
U00008,M00105,4,1668739306
U00008,M00193,3,1718145313
U00009,M00192,4,1624361573
U00009,M00080,4,1716722713
U00009,M00155,4,1736981576
U00009,M00166,4,1700177373
U00009,M00150,2,1714883857
U00009,M00041,4,1620798174
U00009,M00057,5,1737158336
U00009,M00109,4,1736549036
U00009,M00138,5,1705208665
U00009,M00065,5,1711829180
U00009,M00069,5,1638266039
U00009,M00147,4,1707699368
U00009,M00171,4,1746419258
U00009,M00078,4,1603484137
U00009,M00186,5,1691534116
U00009,M00159,4,1626469241
U00010,M00199,5,1739935117
U00010,M00191,4,1740766973
U00010,M00164,5,1732727358
U00010,M00144,4,1706631522
U00010,M00053,4,1724879392
U00010,M00041,4,1675962818
U00010,M00126,5,1682827739
U00010,M00139,5,1719471115
U00010,M00109,3,1677468910
U00010,M00198,5,1617735501
U00010,M00117,4,1746499611
U00010,M00133,5,1626675127
U00010,M00050,3,1663716538
U00010,M00152,5,1714463478
U00010,M00173,4,1653000654
U00010,M00062,5,1735915214
U00011,M00164,3,1712723621
U00011,M00163,1,1650587134
U00011,M00178,3,1626443704
U00011,M00027,5,1659775993
U00011,M00038,4,1748160808
U00011,M00177,4,1698030973
U00011,M00119,4,1627545667
U00011,M00150,5,1668173419
U00011,M00022,4,1628845101
U00011,M00103,5,1643362537
U00011,M00018,5,1682636315
U00011,M00023,5,1669621256
U00011,M00184,3,1603986664
U00011,M00167,5,1655804840
U00011,M00134,4,1672928811
U00011,M00102,3,1638785827
U00012,M00040,4,1661098730
U00012,M00085,5,1615512080
U00012,M00039,4,1722971328
U00012,M00019,5,1666390966
U00012,M00119,4,1606626265
U00012,M00083,5,1738741226
U00012,M00105,5,1648904907
U00012,M00075,4,1643467271
U00012,M00193,4,1745632709
U00012,M00195,4,1719221591
U00012,M00044,4,1687712905
U00012,M00016,4,1632528796
U00012,M00033,3,1628981248
U00012,M00018,5,1604657936
U00012,M00121,4,1688399674
U00012,M00023,5,1664727850
U00013,M00078,4,1727633725
U00013,M00199,4,1684761686
U00013,M00092,4,1665209791
U00013,M00037,5,1716236185
U00013,M00010,3,1636106720
U00013,M00056,5,1718781242
U00013,M00179,4,1728346318
U00013,M00032,5,1744323594
U00013,M00133,4,1731722113
U00013,M00185,4,1658456441
U00013,M00074,5,1721644435
U00013,M00155,5,1695711302
U00013,M00053,4,1747321644
U00013,M00157,4,1740242337
U00013,M00178,4,1655497655
U00013,M00152,3,1732181288
U00014,M00061,5,1714266607
U00014,M00073,4,1725621361
U00014,M00137,1,1600710346
U00014,M00010,4,1725206149
U00014,M00148,5,1737361728
U00014,M00040,4,1666752408
U00014,M00188,5,1643317252
U00014,M00179,2,1646598127
U00014,M00105,4,1629690422
U00014,M00033,4,1744655979
U00014,M00048,5,1619124368
U00014,M00189,5,1692866605
U00014,M00158,5,1726323198
U00014,M00039,4,1738435228
U00014,M00080,5,1744806139
U00014,M00075,5,1734838236
U00015,M00155,4,1648837727
U00015,M00112,3,1715615982
U00015,M00050,3,1648110117
U00015,M00056,5,1626129721
U00015,M00194,4,1708286016
U00015,M00017,5,1714452806
U00015,M00124,4,1628185536
U00015,M00011,4,1679661916
U00015,M00186,5,1677932439
U00015,M00185,4,1641536956
U00015,M00179,5,1749222233
U00015,M00037,5,1738258894
U00015,M00060,4,1663264909
U00015,M00183,3,1636081885
U00015,M00092,5,1634195165
U00015,M00095,5,1747208065
U00016,M00078,4,1646249980
U00016,M00145,5,1724390443
U00016,M00074,4,1705754229
U00016,M00047,4,1636037465
U00016,M00036,4,1717331679
U00016,M00155,5,1630913565
U00016,M00195,3,1654121584
U00016,M00193,4,1651503357
U00016,M00037,4,1658809003
U00016,M00157,5,1626203089
U00016,M00038,4,1647077015
U00016,M00028,2,1602165134
U00016,M00060,4,1665823255
U00016,M00124,4,1735119566
U00016,M00017,5,1654743853
U00016,M00113,5,1693540674
U00017,M00178,4,1644912961
U00017,M00092,5,1701656292
U00017,M00021,4,1744050520
U00017,M00144,5,1641431104
U00017,M00124,4,1600801824
U00017,M00042,4,1664493557
U00017,M00053,4,1716341935
U00017,M00139,5,1716368662
U00017,M00164,4,1725268868
U00017,M00184,4,1685799902
U00017,M00168,5,1685675104
U00017,M00104,1,1631325345
U00017,M00067,4,1715142970
U00017,M00060,4,1613356300
U00017,M00199,4,1655731481
U00017,M00191,4,1684655984
U00018,M00083,5,1690380225
U00018,M00150,5,1619243988
U00018,M00195,5,1628096042
U00018,M00088,5,1679118644
U00018,M00085,5,1624186282
U00018,M00040,2,1712402929
U00018,M00179,3,1748017629
U00018,M00167,5,1635750779
U00018,M00103,5,1675770872
U00018,M00075,3,1687396652
U00018,M00060,5,1744150956
U00018,M00044,5,1701695777
U00018,M00045,4,1650542922
U00018,M00037,5,1719284838
U00018,M00186,5,1722129738
U00018,M00177,5,1737678999
U00019,M00092,4,1716890491
U00019,M00124,4,1661145068
U00019,M00180,5,1666384360
U00019,M00174,5,1739202876
U00019,M00062,3,1679741937
U00019,M00011,3,1609172053
U00019,M00102,4,1696065881
U00019,M00095,5,1619274328
U00019,M00128,5,1621154094
U00019,M00031,5,1701702012
U00019,M00060,4,1738284625
U00019,M00186,4,1643645385
U00019,M00074,4,1631765824
U00019,M00032,4,1657063757
U00019,M00145,5,1610695680
U00019,M00004,5,1619881312
U00020,M00163,4,1633355189
U00020,M00159,5,1715644460
U00020,M00087,5,1635559311
U00020,M00138,5,1605571003
U00020,M00184,5,1692957908
U00020,M00067,4,1743847550
U00020,M00041,5,1618000701
U00020,M00165,4,1610777550
U00020,M00056,3,1677196120
U00020,M00070,5,1738252747
U00020,M00166,5,1745218037
U00020,M00036,5,1744329998
U00020,M00069,4,1663897142
U00020,M00116,4,1632537418
U00020,M00192,5,1664791849
U00020,M00050,5,1706421160
U00021,M00200,5,1612087699
U00021,M00039,5,1684116606
U00021,M00080,5,1661883221
U00021,M00187,3,1649601549
U00021,M00033,4,1679861071
U00021,M00043,4,1727578131
U00021,M00151,4,1615722823
U00021,M00170,5,1713901164
U00021,M00104,1,1746413674
U00021,M00040,4,1647454218
U00021,M00107,5,1733767498
U00021,M00061,4,1641254656
U00021,M00091,4,1738469265
U00021,M00188,3,1687259094
U00021,M00015,5,1615391610
U00021,M00148,5,1623309567
U00022,M00024,5,1665397840
U00022,M00097,4,1645543520
U00022,M00007,5,1738744370
U00022,M00006,3,1730957732
U00022,M00013,5,1714452894
U00022,M00142,5,1634893529
U00022,M00162,5,1745606524
U00022,M00059,4,1610005801
U00022,M00088,3,1672150096
U00022,M00133,2,1710965503
U00022,M00002,4,1705432239
U00022,M00100,5,1708410356
U00022,M00173,4,1676474554
U00022,M00163,5,1619564687
U00022,M00068,4,1709968671
U00022,M00087,3,1656549851
U00023,M00019,5,1619904783
U00023,M00068,4,1668208781
U00023,M00160,4,1620968138
U00023,M00065,3,1681257427
U00023,M00083,3,1702809256
U00023,M00079,4,1692157915
U00023,M00135,4,1616300045
U00023,M00100,4,1650370509
U00023,M00104,4,1668482098
U00023,M00013,5,1600879482
U00023,M00173,5,1656675646
U00023,M00103,4,1621739335
U00023,M00143,4,1728142480
U00023,M00018,5,1725097908
U00023,M00153,4,1741360637
U00023,M00024,5,1637068236
U00024,M00083,4,1629964347
U00024,M00141,5,1630027514
U00024,M00134,4,1676043414
U00024,M00177,4,1701221912
U00024,M00193,4,1660076941
U00024,M00088,5,1652329097
U00024,M00199,5,1654194834
U00024,M00016,5,1639873237
U00024,M00044,5,1632074623
U00024,M00195,4,1711184277
U00024,M00082,3,1605846906
U00024,M00160,4,1742880871
U00024,M00017,2,1644500515
U00024,M00018,5,1721041633
U00024,M00167,5,1622655378
U00024,M00021,5,1651230739
U00025,M00129,4,1700315632
U00025,M00114,5,1677912014
U00025,M00093,4,1728529058
U00025,M00173,4,1746828076
U00025,M00157,3,1669390325
U00025,M00057,3,1607241379
U00025,M00118,4,1729166034
U00025,M00097,4,1734061469
U00025,M00063,4,1675376807
U00025,M00196,4,1656170440
U00025,M00181,4,1675401898
U00025,M00190,4,1691257737
U00025,M00096,4,1684868532
U00025,M00120,5,1744757467
U00025,M00006,5,1638508264
U00025,M00100,5,1674523139
U00026,M00183,4,1648932336
U00026,M00027,5,1628506782
U00026,M00133,4,1671645129
U00026,M00164,4,1705790861
U00026,M00143,1,1617474855
U00026,M00178,4,1698059570
U00026,M00122,5,1666859619
U00026,M00064,5,1614103180
U00026,M00191,5,1660332881
U00026,M00087,3,1731440084
U00026,M00152,4,1725355431
U00026,M00154,4,1609094611
U00026,M00199,4,1699688810
U00026,M00085,2,1657888193
U00026,M00026,4,1646087951
U00026,M00053,4,1694042851
U00027,M00012,5,1612490130
U00027,M00068,4,1629969239
U00027,M00100,5,1624743175
U00027,M00137,5,1632197941
U00027,M00019,4,1610923078
U00027,M00180,3,1743332872
U00027,M00084,5,1709424263
U00027,M00145,4,1670746028
U00027,M00124,4,1613859096
U00027,M00097,5,1648696550
U00027,M00171,4,1689725181
U00027,M00162,5,1723986554
U00027,M00135,4,1611811493
U00027,M00155,3,1714328211
U00027,M00175,4,1652818071
U00027,M00106,4,1615178796
U00028,M00022,5,1673334745
U00028,M00038,4,1643582396
U00028,M00160,5,1671647315
U00028,M00089,5,1737794412
U00028,M00103,4,1702782192
U00028,M00015,3,1654987159
U00028,M00044,4,1714867162
U00028,M00193,4,1637627933
U00028,M00018,4,1720938585
U00028,M00152,3,1730815645
U00028,M00195,4,1667799293
U00028,M00057,5,1704078900
U00028,M00041,4,1665506699
U00028,M00011,3,1622590089
U00028,M00150,4,1644323165
U00028,M00090,5,1714337702
U00029,M00195,1,1608338052
U00029,M00075,4,1703777059
U00029,M00172,5,1608869520
U00029,M00138,4,1724229677
U00029,M00029,5,1670254681
U00029,M00102,5,1648369497
U00029,M00003,5,1608880721
U00029,M00182,4,1700731424
U00029,M00111,4,1600959801
U00029,M00125,5,1630360791
U00029,M00188,5,1725718728
U00029,M00176,4,1727575205
U00029,M00082,5,1693214294
U00029,M00008,5,1708032404
U00029,M00158,5,1719778722
U00029,M00039,4,1693714095
U00030,M00112,5,1628074380
U00030,M00040,4,1660320711
U00030,M00148,5,1739761312
U00030,M00070,4,1732549942
U00030,M00061,5,1631761165
U00030,M00033,5,1629680211
U00030,M00149,5,1605081669
U00030,M00014,4,1724372573
U00030,M00073,4,1689833511
U00030,M00083,5,1741052711
U00030,M00172,5,1717091835
U00030,M00011,4,1696347611
U00030,M00036,3,1617917265
U00030,M00105,4,1647570654
U00030,M00041,3,1725496111
U00030,M00075,4,1682292108
U00031,M00008,4,1669557959
U00031,M00182,5,1701746591
U00031,M00074,3,1690591699
U00031,M00082,4,1708906347
U00031,M00111,5,1614992778
U00031,M00094,5,1602370485
U00031,M00059,5,1671345068
U00031,M00071,5,1724016224
U00031,M00187,5,1639239528
U00031,M00115,5,1704508741
U00031,M00105,2,1620698717
U00031,M00102,4,1738927329
U00031,M00097,5,1653248455
U00031,M00158,4,1611511063
U00031,M00003,4,1690299580
U00031,M00128,4,1666788505
U00032,M00060,4,1608962480
U00032,M00148,4,1643282951
U00032,M00185,4,1688316081
U00032,M00174,5,1674484734
U00032,M00092,4,1678146344
U00032,M00017,5,1692273146
U00032,M00124,5,1631391602
U00032,M00155,4,1706976065
U00032,M00051,4,1707493413
U00032,M00112,4,1643023294
U00032,M00040,5,1650901161
U00032,M00180,5,1709411568
U00032,M00037,5,1726951452
U00032,M00058,4,1635112748
U00032,M00004,5,1736657789
U00032,M00073,4,1739042349
U00033,M00181,3,1720167065
U00033,M00087,3,1722948732
U00033,M00092,4,1740397674
U00033,M00108,5,1730610005
U00033,M00017,5,1603716836
U00033,M00029,4,1658179603
U00033,M00074,4,1652856821
U00033,M00058,5,1625558726
U00033,M00095,4,1637088485
U00033,M00179,4,1604460767
U00033,M00124,4,1729084533
U00033,M00180,5,1678892270
U00033,M00056,4,1748630871
U00033,M00155,5,1677533468
U00033,M00183,4,1700137340
U00033,M00113,4,1661551203
U00034,M00102,5,1678763984
U00034,M00128,5,1615078300
U00034,M00071,5,1610868246
U00034,M00046,4,1613299080
U00034,M00085,5,1701301670
U00034,M00039,5,1642642261
U00034,M00182,5,1624267368
U00034,M00156,5,1623127978
U00034,M00159,4,1607331306
U00034,M00160,4,1698405609
U00034,M00111,5,1697289518
U00034,M00044,4,1679154587
U00034,M00025,4,1620283204
U00034,M00094,5,1632495015
U00034,M00054,5,1707020812
U00034,M00167,5,1680875243
U00035,M00132,5,1678310183
U00035,M00008,2,1710453114
U00035,M00018,5,1681994434
U00035,M00067,5,1669419840
U00035,M00038,5,1652978935
U00035,M00103,5,1696475131
U00035,M00121,4,1655756688
U00035,M00177,4,1664949732
U00035,M00150,4,1631414092
U00035,M00163,3,1634882952
U00035,M00195,5,1707843847
U00035,M00007,4,1646778772
U00035,M00045,4,1722256723
U00035,M00134,5,1641049863
U00035,M00146,5,1740931726
U00035,M00005,3,1629972917
U00036,M00011,5,1684385607
U00036,M00113,3,1663012534
U00036,M00069,5,1646090635
U00036,M00072,4,1700032673
U00036,M00036,5,1697316235
U00036,M00062,5,1730847471
U00036,M00057,5,1622377627
U00036,M00041,5,1617722950
U00036,M00055,4,1668437096
U00036,M00077,4,1638285945
U00036,M00030,4,1728158918
U00036,M00033,5,1716720836
U00036,M00073,3,1749908505
U00036,M00065,4,1618119476
U00036,M00070,4,1701121645
U00036,M00001,4,1702600015
U00037,M00004,4,1681441255
U00037,M00017,4,1623833339
U00037,M00037,4,1686076795
U00037,M00095,5,1629972038
U00037,M00155,4,1697621839
U00037,M00124,5,1740234273
U00037,M00186,5,1675858704
U00037,M00179,5,1706500141
U00037,M00074,5,1626158743
U00037,M00058,4,1707714891
U00037,M00056,4,1690937592
U00037,M00180,5,1609106077
U00037,M00158,3,1630868966
U00037,M00156,5,1621032977
U00037,M00060,5,1646431526
U00037,M00029,4,1607461079
U00038,M00145,4,1622480921
U00038,M00022,5,1747804684
U00038,M00124,4,1686538926
U00038,M00056,4,1695331193
U00038,M00017,4,1714708632
U00038,M00075,4,1631592323
U00038,M00157,5,1702103772
U00038,M00150,4,1737799692
U00038,M00074,5,1614631705
U00038,M00174,5,1691106374
U00038,M00058,5,1692190932
U00038,M00060,5,1629667397
U00038,M00041,2,1622749556
U00038,M00155,4,1634568690
U00038,M00193,4,1689666901
U00038,M00032,4,1624686043
U00039,M00042,5,1629312938
U00039,M00021,5,1643586085
U00039,M00154,5,1696141850
U00039,M00156,4,1706570411
U00039,M00152,5,1642203879
U00039,M00191,5,1689306375
U00039,M00185,3,1698467307
U00039,M00164,5,1622718757
U00039,M00178,5,1623923960
U00039,M00139,4,1749640474
U00039,M00103,2,1640925396
U00039,M00031,4,1609373629
U00039,M00133,4,1628562925
U00039,M00126,5,1637957297
U00039,M00199,5,1618674086
U00039,M00071,5,1664019343
U00040,M00181,5,1683879078
U00040,M00190,5,1747687756
U00040,M00165,4,1619187505
U00040,M00015,4,1730050840
U00040,M00122,4,1605577225
U00040,M00120,4,1722270423
U00040,M00076,4,1673726975
U00040,M00169,5,1612081741
U00040,M00163,5,1621631557
U00040,M00048,4,1621494825
U00040,M00136,4,1691151950
U00040,M00033,4,1697181622
U00040,M00093,5,1686829168
U00040,M00007,4,1614114895
U00040,M00087,5,1680560836
U00040,M00040,5,1714226162
U00041,M00027,4,1734737566
U00041,M00023,5,1718003748
U00041,M00088,4,1644988735
U00041,M00193,5,1645265890
U00041,M00083,5,1670886026
U00041,M00085,5,1662050010
U00041,M00018,5,1640638058
U00041,M00163,1,1641389541
U00041,M00047,4,1720600174
U00041,M00154,4,1641081824
U00041,M00164,3,1623779656
U00041,M00121,4,1704417453
U00041,M00038,5,1726019189
U00041,M00150,4,1650804344
U00041,M00016,4,1746771765
U00041,M00178,3,1740742574
U00042,M00042,5,1679620574
U00042,M00144,4,1609595881
U00042,M00026,5,1730208090
U00042,M00164,4,1615267898
U00042,M00053,4,1649014642
U00042,M00139,4,1601869848
U00042,M00021,5,1621266267
U00042,M00188,4,1720202339
U00042,M00178,5,1686872312
U00042,M00101,5,1633455419
U00042,M00168,4,1703984885
U00042,M00161,4,1603930222
U00042,M00156,4,1628102051
U00042,M00111,5,1721016782
U00042,M00027,5,1643850734
U00042,M00155,3,1711264370
U00043,M00167,5,1702787114
U00043,M00134,4,1665890809
U00043,M00183,5,1704795035
U00043,M00088,4,1637075827
U00043,M00083,5,1711066803
U00043,M00018,4,1709453061
U00043,M00045,5,1616525506
U00043,M00038,5,1727722738
U00043,M00125,5,1610324112
U00043,M00029,4,1674678017
U00043,M00131,5,1736079605
U00043,M00121,5,1661843083
U00043,M00071,4,1677384834
U00043,M00115,3,1681006055
U00043,M00150,4,1676675944
U00043,M00103,4,1692603009
U00044,M00003,1,1623846501
U00044,M00137,5,1748629876
U00044,M00173,5,1629837209
U00044,M00153,5,1638624587
U00044,M00143,5,1667671861
U00044,M00100,4,1657971552
U00044,M00013,5,1643229895
U00044,M00061,3,1692957190
U00044,M00007,4,1719079546
U00044,M00059,4,1745014594
U00044,M00081,4,1719031093
U00044,M00106,5,1703349295
U00044,M00196,5,1625956220
U00044,M00097,5,1739816538
U00044,M00122,4,1651009236
U00044,M00142,5,1705786008
U00045,M00141,5,1726272542
U00045,M00198,4,1616448384
U00045,M00126,5,1748701481
U00045,M00124,3,1664848794
U00045,M00035,4,1656755766
U00045,M00157,3,1746830979
U00045,M00164,5,1602473688
U00045,M00021,4,1694157990
U00045,M00092,4,1706866460
U00045,M00152,4,1688826541
U00045,M00026,4,1651212237
U00045,M00163,3,1733319324
U00045,M00127,5,1667019226
U00045,M00139,5,1663267392
U00045,M00161,5,1672012011
U00045,M00154,4,1636646251
U00046,M00083,5,1643889188
U00046,M00047,4,1634482016
U00046,M00134,4,1720898587
U00046,M00167,4,1671333404
U00046,M00160,5,1749651317
U00046,M00121,5,1646652359
U00046,M00174,4,1742691992
U00046,M00037,4,1619503749
U00046,M00132,4,1666023947
U00046,M00193,4,1740332628
U00046,M00103,4,1637052871
U00046,M00071,2,1636971377
U00046,M00058,4,1698407140
U00046,M00074,4,1602303849
U00046,M00044,5,1733538690
U00046,M00195,4,1654825494
U00047,M00123,4,1733343526
U00047,M00181,5,1662557932
U00047,M00165,4,1633108275
U00047,M00070,5,1671543996
U00047,M00163,5,1733502201
U00047,M00136,4,1662971584
U00047,M00190,4,1745450539
U00047,M00006,4,1726786297
U00047,M00005,2,1691623682
U00047,M00093,4,1738668628
U00047,M00067,4,1738779148
U00047,M00050,4,1685727370
U00047,M00162,1,1609254005
U00047,M00183,4,1709149489
U00047,M00096,4,1673056823
U00047,M00063,4,1689192488
U00048,M00003,5,1719903186
U00048,M00074,4,1684531327
U00048,M00115,5,1706442926
U00048,M00111,5,1631773888
U00048,M00008,5,1736035362
U00048,M00025,5,1735574733
U00048,M00092,4,1671251708
U00048,M00155,4,1696807702
U00048,M00094,5,1720709329
U00048,M00101,4,1676613472
U00048,M00182,5,1630523744
U00048,M00152,4,1637525657
U00048,M00158,4,1686990664
U00048,M00082,5,1713620840
U00048,M00029,5,1667610638
U00048,M00037,4,1655908946
U00049,M00111,4,1615063664
U00049,M00188,5,1684349424
U00049,M00016,3,1673740691
U00049,M00163,4,1716754070
U00049,M00029,4,1646858171
U00049,M00046,4,1607560669
U00049,M00043,5,1623617141
U00049,M00025,5,1692527453
U00049,M00114,5,1740352545
U00049,M00008,5,1620633452
U00049,M00182,4,1609239259
U00049,M00071,4,1748651975
U00049,M00181,4,1664172071
U00049,M00125,5,1720059895
U00049,M00154,4,1726141670
U00049,M00101,5,1616046221
U00050,M00190,5,1683217336
U00050,M00080,3,1648618632
U00050,M00048,2,1624811485
U00050,M00060,4,1726435054
U00050,M00096,4,1630553402
U00050,M00095,3,1687242811
U00050,M00087,4,1749856002
U00050,M00081,4,1623334475
U00050,M00006,4,1742939318
U00050,M00165,4,1653549397
U00050,M00122,5,1669543863
U00050,M00067,5,1748033830
U00050,M00181,5,1663234395
U00050,M00157,3,1638215863
U00050,M00058,5,1672498872
U00050,M00163,5,1677378915
U00051,M00127,3,1690950298
U00051,M00083,4,1674563599
U00051,M00085,5,1697365239
U00051,M00133,3,1653985763
U00051,M00038,4,1610956191
U00051,M00150,4,1648608489
U00051,M00089,4,1691245113
U00051,M00053,5,1648294728
U00051,M00131,5,1728478091
U00051,M00134,5,1694754347
U00051,M00193,5,1741655382
U00051,M00101,1,1606973652
U00051,M00177,5,1700145948
U00051,M00044,4,1615900373
U00051,M00103,4,1679284221
U00051,M00121,5,1748546349
U00052,M00156,5,1642929244
U00052,M00101,4,1639567906
U00052,M00139,5,1682531134
U00052,M00111,5,1697277059
U00052,M00102,4,1648635491
U00052,M00188,4,1708190521
U00052,M00045,2,1662418345
U00052,M00062,5,1647231771
U00052,M00127,5,1638099962
U00052,M00031,5,1690269551
U00052,M00094,5,1672004649
U00052,M00071,5,1627011370
U00052,M00025,5,1653259010
U00052,M00115,5,1721794186
U00052,M00029,4,1618602972
U00052,M00021,4,1723154990
U00053,M00110,3,1697381353
U00053,M00145,3,1739805649
U00053,M00029,2,1644041911
U00053,M00022,4,1709390686
U00053,M00103,5,1732075869
U00053,M00193,5,1738483530
U00053,M00045,4,1610986897
U00053,M00088,4,1711850617
U00053,M00083,5,1714721942
U00053,M00186,3,1622700107
U00053,M00160,4,1632890762
U00053,M00121,5,1693269429
U00053,M00167,5,1676938462
U00053,M00078,5,1665885993
U00053,M00177,4,1683958426
U00053,M00179,5,1701300203
U00054,M00075,5,1663930504
U00054,M00160,3,1638281334
U00054,M00148,5,1717896732
U00054,M00124,1,1687130702
U00054,M00040,5,1605534154
U00054,M00039,5,1610663109
U00054,M00107,4,1699751015
U00054,M00103,4,1678567355
U00054,M00073,5,1647487804
U00054,M00193,4,1659453975
U00054,M00170,4,1706958962
U00054,M00150,4,1602910922
U00054,M00085,4,1695877427
U00054,M00200,5,1668932072
U00054,M00110,5,1645136963
U00054,M00172,4,1749350470
U00055,M00072,5,1627828628
U00055,M00116,4,1628730708
U00055,M00030,5,1746384188
U00055,M00011,4,1646107880
U00055,M00119,4,1602114196
U00055,M00159,4,1723631802
U00055,M00069,5,1632761699
U00055,M00036,5,1733205828
U00055,M00138,4,1746430129
U00055,M00083,5,1659615405
U00055,M00179,1,1715949553
U00055,M00041,4,1672977808
U00055,M00023,5,1657645998
U00055,M00167,4,1693913527
U00055,M00121,5,1698296027
U00055,M00070,5,1671442681
U00056,M00183,4,1749141801
U00056,M00136,5,1629567888
U00056,M00067,4,1612651734
U00056,M00158,1,1714334636
U00056,M00165,4,1631038808
U00056,M00007,5,1666725363
U00056,M00120,5,1644855471
U00056,M00081,5,1703209259
U00056,M00167,5,1628090388
U00056,M00181,4,1749596611
U00056,M00096,4,1630430131
U00056,M00092,3,1618843756
U00056,M00087,4,1715829757
U00056,M00160,4,1740997389
U00056,M00088,4,1731920645
U00056,M00195,5,1642135901
U00057,M00186,5,1677420896
U00057,M00032,5,1647082998
U00057,M00021,5,1706542621
U00057,M00155,5,1636416847
U00057,M00179,5,1733771119
U00057,M00005,5,1746821298
U00057,M00056,5,1671300017
U00057,M00180,4,1707370647
U00057,M00017,4,1664794908
U00057,M00145,4,1660921797
U00057,M00185,4,1741040755
U00057,M00078,5,1709559244
U00057,M00027,5,1629286243
U00057,M00092,4,1743833560
U00057,M00026,4,1678299608
U00057,M00157,5,1670740416
U00058,M00082,4,1628011932
U00058,M00102,4,1604474816
U00058,M00029,5,1720096231
U00058,M00183,4,1724704318
U00058,M00071,4,1646433244
U00058,M00030,3,1644458123
U00058,M00094,4,1641279922
U00058,M00101,5,1684236417
U00058,M00034,5,1616445301
U00058,M00115,4,1674142739
U00058,M00154,3,1673403879
U00058,M00188,4,1619636481
U00058,M00031,5,1726336337
U00058,M00111,5,1734851980
U00058,M00007,4,1699067835
U00058,M00067,4,1702042228
U00059,M00002,4,1616081626
U00059,M00116,4,1749454450
U00059,M00175,5,1671837761
U00059,M00162,4,1715583895
U00059,M00084,5,1715733342
U00059,M00050,4,1692711075
U00059,M00170,2,1668835192
U00059,M00052,4,1659621112
U00059,M00079,4,1657731076
U00059,M00135,4,1713446067
U00059,M00106,5,1716710341
U00059,M00011,3,1688678448
U00059,M00013,4,1729710463
U00059,M00194,2,1710040527
U00059,M00070,4,1612716211
U00059,M00142,5,1739087652
U00060,M00045,4,1748521842
U00060,M00038,4,1722028982
U00060,M00121,5,1747350222
U00060,M00188,3,1713253956
U00060,M00134,5,1738263141
U00060,M00048,3,1686381588
U00060,M00103,5,1723909520
U00060,M00197,3,1624412457
U00060,M00016,5,1628596413
U00060,M00046,3,1725039114
U00060,M00083,4,1673384360
U00060,M00082,5,1699405760
U00060,M00101,5,1718590223
U00060,M00177,5,1701181526
U00060,M00022,5,1700802358
U00060,M00160,5,1663798151
U00061,M00002,4,1680032391
U00061,M00079,5,1640691110
U00061,M00084,4,1651054566
U00061,M00019,5,1625758040
U00061,M00143,4,1626377462
U00061,M00139,4,1618598501
U00061,M00029,3,1665100037
U00061,M00052,5,1703746063
U00061,M00107,2,1737759431
U00061,M00053,4,1727315538
U00061,M00059,5,1669555687
U00061,M00104,5,1667836095
U00061,M00106,4,1618936215
U00061,M00162,4,1749030815
U00061,M00175,4,1686144593
U00061,M00013,5,1723256983
U00062,M00133,5,1671708143
U00062,M00034,4,1746625897
U00062,M00126,4,1731796768
U00062,M00127,4,1656038650
U00062,M00088,3,1612967111
U00062,M00199,4,1611079803
U00062,M00021,5,1651961011
U00062,M00042,4,1639373488
U00062,M00152,5,1691784193
U00062,M00027,5,1609585667
U00062,M00026,5,1608678449
U00062,M00184,4,1675991670
U00062,M00188,4,1627948984
U00062,M00071,4,1681460004
U00062,M00171,4,1637559834
U00062,M00053,5,1638892720
U00063,M00121,5,1612753113
U00063,M00085,4,1685446763
U00063,M00029,4,1696613028
U00063,M00022,4,1602518643
U00063,M00101,3,1666987172
U00063,M00038,4,1664591485
U00063,M00044,4,1715657808
U00063,M00045,4,1698323705
U00063,M00150,5,1738469066
U00063,M00083,5,1737445305
U00063,M00073,5,1742512798
U00063,M00193,5,1652543537
U00063,M00134,5,1722304781
U00063,M00018,4,1602523890
U00063,M00031,5,1675320435
U00063,M00176,3,1647374722
U00064,M00199,4,1660379409
U00064,M00164,4,1601613057
U00064,M00097,3,1602305479
U00064,M00152,4,1731839354
U00064,M00124,2,1703619446
U00064,M00100,4,1664361267
U00064,M00050,3,1688717236
U00064,M00139,5,1620684937
U00064,M00035,4,1712175429
U00064,M00053,4,1716313667
U00064,M00184,5,1611104552
U00064,M00020,3,1619436685
U00064,M00144,5,1742435915
U00064,M00126,5,1603489065
U00064,M00178,4,1721150409
U00064,M00154,4,1740441450
U00065,M00083,5,1621341817
U00065,M00038,5,1706525041
U00065,M00103,5,1618253543
U00065,M00042,4,1618086616
U00065,M00154,4,1736492831
U00065,M00150,4,1741176041
U00065,M00089,5,1655997605
U00065,M00088,5,1712324050
U00065,M00146,5,1615289481
U00065,M00121,4,1661188689
U00065,M00134,4,1709260775
U00065,M00200,3,1628507939
U00065,M00119,4,1651202998
U00065,M00130,4,1707499805
U00065,M00026,5,1729621010
U00065,M00018,5,1694468166
U00066,M00176,5,1661796208
U00066,M00156,4,1715192789
U00066,M00082,5,1721782225
U00066,M00145,5,1715212193
U00066,M00111,4,1633590158
U00066,M00158,4,1636736663
U00066,M00115,5,1628446957
U00066,M00071,5,1601031701
U00066,M00020,5,1673472012
U00066,M00175,4,1653303980
U00066,M00101,4,1625258447
U00066,M00034,5,1652978174
U00066,M00024,4,1678050777
U00066,M00043,5,1699439155
U00066,M00031,4,1740797261
U00066,M00153,4,1606578742
U00067,M00016,5,1634447850
U00067,M00102,2,1747036693
U00067,M00041,4,1683784609
U00067,M00065,5,1641202829
U00067,M00070,5,1746903011
U00067,M00147,4,1690396097
U00067,M00192,4,1708710524
U00067,M00121,4,1624178836
U00067,M00050,4,1631604985
U00067,M00177,4,1738288198
U00067,M00036,5,1606246136
U00067,M00116,4,1653623226
U00067,M00018,4,1656556226
U00067,M00109,4,1644148446
U00067,M00062,5,1741345205
U00067,M00171,5,1675860053
U00068,M00092,4,1603715558
U00068,M00179,5,1738958745
U00068,M00194,5,1742326652
U00068,M00124,5,1683992454
U00068,M00183,4,1646025075
U00068,M00157,4,1682882190
U00068,M00106,3,1618554608
U00068,M00060,5,1632072723
U00068,M00185,5,1627005804
U00068,M00174,4,1644947034
U00068,M00181,4,1649676635
U00068,M00078,5,1671662838
U00068,M00049,5,1678782559
U00068,M00136,3,1608308809
U00068,M00058,4,1651095125
U00068,M00052,3,1726415691
U00069,M00158,5,1600642421
U00069,M00082,5,1666889334
U00069,M00008,4,1698683767
U00069,M00099,4,1636673181
U00069,M00071,4,1701083673
U00069,M00094,5,1649436574
U00069,M00031,5,1603398098
U00069,M00115,5,1647058659
U00069,M00155,4,1685873436
U00069,M00188,5,1711509981
U00069,M00150,3,1746133124
U00069,M00046,4,1712277041
U00069,M00092,4,1712996442
U00069,M00182,4,1625823682
U00069,M00111,4,1625518660
U00069,M00186,3,1650079350
U00070,M00162,3,1704744965
U00070,M00191,5,1723280569
U00070,M00021,4,1658399096
U00070,M00145,4,1638718224
U00070,M00026,5,1688061291
U00070,M00154,5,1731372494
U00070,M00035,4,1663995249
U00070,M00139,5,1649531326
U00070,M00133,4,1687760313
U00070,M00064,5,1725234037
U00070,M00053,4,1655270230
U00070,M00199,4,1733833035
U00070,M00042,5,1730478507
U00070,M00137,5,1743450990
U00070,M00027,5,1727817940
U00070,M00020,4,1728956509
U00071,M00030,4,1737691375
U00071,M00041,4,1674215922
U00071,M00150,3,1612972629
U00071,M00171,5,1652620735
U00071,M00159,4,1606172979
U00071,M00072,4,1621976069
U00071,M00192,5,1651570967
U00071,M00024,3,1637013420
U00071,M00109,4,1642006260
U00071,M00012,5,1716340508
U00071,M00020,5,1640399406
U00071,M00069,4,1731248276
U00071,M00121,1,1650952558
U00071,M00057,5,1706305602
U00071,M00197,4,1687364460
U00071,M00100,3,1704755996
U00072,M00057,5,1635697973
U00072,M00197,5,1628614142
U00072,M00109,4,1684281675
U00072,M00195,5,1600881355
U00072,M00041,4,1669556695
U00072,M00083,4,1646364366
U00072,M00005,3,1646827010
U00072,M00030,5,1614400625
U00072,M00147,5,1606125339
U00072,M00038,4,1693714045
U00072,M00065,4,1657631200
U00072,M00159,5,1658873243
U00072,M00113,3,1709402566
U00072,M00138,5,1633975837
U00072,M00062,4,1716205388
U00072,M00171,4,1705102326
U00073,M00192,5,1739748379
U00073,M00109,4,1696892135
U00073,M00158,3,1696143664
U00073,M00070,4,1702797286
U00073,M00164,2,1712739719
U00073,M00090,4,1710991534
U00073,M00029,5,1621512532
U00073,M00031,4,1700732683
U00073,M00011,4,1690641174
U00073,M00028,4,1741672128
U00073,M00057,5,1608541792
U00073,M00026,3,1678840910
U00073,M00197,5,1685964421
U00073,M00116,4,1613286069
U00073,M00050,4,1600047162
U00073,M00062,4,1604598085
U00074,M00053,5,1739635892
U00074,M00019,3,1645951935
U00074,M00035,5,1732508124
U00074,M00042,4,1721584091
U00074,M00158,3,1677822137
U00074,M00164,5,1656463718
U00074,M00199,4,1632825163
U00074,M00026,4,1691001777
U00074,M00162,3,1613829018
U00074,M00027,5,1744272361
U00074,M00117,5,1665219454
U00074,M00111,2,1608176880
U00074,M00152,5,1745736418
U00074,M00144,4,1668218913
U00074,M00184,4,1652534529
U00074,M00154,5,1642694717
U00075,M00061,3,1701672029
U00075,M00027,5,1675241190
U00075,M00134,4,1671249617
U00075,M00191,4,1643441250
U00075,M00074,3,1664481244
U00075,M00164,4,1683483327
U00075,M00154,5,1682630059
U00075,M00160,5,1664372768
U00075,M00199,4,1667857415
U00075,M00184,4,1706633152
U00075,M00177,5,1665650786
U00075,M00141,4,1694068896
U00075,M00021,4,1612588718
U00075,M00117,4,1666436324
U00075,M00035,5,1692184591
U00075,M00042,4,1731753817
U00076,M00136,5,1733783230
U00076,M00182,5,1745421873
U00076,M00163,5,1692278430
U00076,M00063,4,1694520830
U00076,M00120,5,1682371086
U00076,M00122,5,1687070840
U00076,M00165,5,1655507464
U00076,M00115,4,1625996313
U00076,M00025,4,1728108531
U00076,M00087,4,1663085201
U00076,M00096,4,1696360408
U00076,M00094,5,1615692516
U00076,M00007,5,1733805927
U00076,M00081,4,1636197177
U00076,M00085,4,1680162842
U00076,M00093,4,1643664724
U00077,M00129,5,1707936249
U00077,M00181,5,1646048632
U00077,M00066,5,1734541418
U00077,M00191,3,1600440342
U00077,M00120,5,1627471051
U00077,M00165,4,1745111997
U00077,M00184,4,1643849802
U00077,M00021,5,1713950905
U00077,M00007,4,1691423333
U00077,M00067,5,1664718517
U00077,M00163,4,1635952855
U00077,M00093,4,1637039182
U00077,M00118,5,1736633942
U00077,M00061,5,1723279313
U00077,M00006,4,1670498489
U00077,M00183,4,1692446064
U00078,M00150,4,1677064067
U00078,M00021,4,1676176004
U00078,M00177,5,1707481029
U00078,M00069,5,1637305815
U00078,M00022,5,1661507576
U00078,M00160,5,1671914117
U00078,M00036,4,1674418307
U00078,M00159,5,1623762056
U00078,M00103,4,1651664527
U00078,M00156,4,1678808039
U00078,M00044,5,1732563143
U00078,M00045,4,1644756098
U00078,M00119,4,1682420162
U00078,M00121,5,1733000641
U00078,M00195,5,1676891987
U00078,M00132,4,1640890351
U00079,M00194,4,1632158256
U00079,M00062,4,1633524793
U00079,M00092,4,1673874977
U00079,M00004,4,1671808461
U00079,M00005,4,1617644970
U00079,M00056,5,1744971436
U00079,M00060,5,1680347763
U00079,M00124,4,1727102593
U00079,M00179,5,1644710868
U00079,M00095,5,1617490606
U00079,M00152,4,1744092947
U00079,M00164,5,1609169410
U00079,M00180,5,1620755603
U00079,M00134,3,1640173570
U00079,M00032,5,1732208305
U00079,M00154,4,1687013959
U00080,M00176,4,1670720225
U00080,M00046,4,1639628749
U00080,M00082,5,1679688954
U00080,M00029,4,1635845152
U00080,M00156,5,1668361109
U00080,M00003,4,1679165202
U00080,M00167,4,1612742728
U00080,M00188,5,1611292564
U00080,M00060,3,1729016509
U00080,M00018,3,1602165220
U00080,M00025,5,1623743202
U00080,M00125,5,1646560248
U00080,M00177,4,1611243335
U00080,M00195,4,1715919425
U00080,M00094,5,1690947878
U00080,M00111,5,1626826921
U00081,M00130,5,1728586076
U00081,M00190,5,1738036604
U00081,M00127,5,1601520635
U00081,M00021,4,1707755269
U00081,M00178,5,1677106056
U00081,M00152,5,1711577408
U00081,M00154,5,1677514480
U00081,M00093,5,1619256331
U00081,M00162,4,1725795570
U00081,M00183,3,1708969504
U00081,M00106,2,1663432045
U00081,M00144,4,1641405327
U00081,M00139,5,1603095143
U00081,M00122,5,1669201914
U00081,M00199,4,1736850689
U00081,M00141,4,1723530854
U00082,M00017,5,1618405634
U00082,M00029,4,1678520017
U00082,M00060,4,1733326957
U00082,M00113,5,1610301697
U00082,M00180,4,1625975961
U00082,M00115,4,1604958880
U00082,M00194,4,1741357776
U00082,M00037,5,1616358563
U00082,M00179,4,1636226267
U00082,M00092,5,1702548231
U00082,M00108,4,1609953121
U00082,M00079,5,1691045760
U00082,M00182,4,1664306723
U00082,M00056,5,1620940417
U00082,M00158,3,1682106367
U00082,M00095,5,1726709508
U00083,M00057,4,1715995001
U00083,M00004,5,1722506070
U00083,M00011,5,1709980691
U00083,M00069,5,1629913743
U00083,M00036,4,1653768346
U00083,M00028,4,1631479565
U00083,M00171,4,1640218548
U00083,M00062,5,1600591893
U00083,M00050,5,1600867004
U00083,M00108,4,1684277042
U00083,M00109,5,1641841882
U00083,M00060,5,1733736366
U00083,M00138,5,1710293802
U00083,M00041,4,1669030675
U00083,M00009,4,1717728640
U00083,M00147,5,1678972691
U00084,M00094,3,1623309949
U00084,M00159,5,1656503037
U00084,M00055,4,1629323994
U00084,M00070,4,1737130257
U00084,M00050,5,1632396872
U00084,M00041,4,1684950586
U00084,M00007,3,1676462375
U00084,M00090,5,1623253962
U00084,M00199,3,1669151156
U00084,M00067,5,1722993922
U00084,M00109,4,1633847858
U00084,M00169,3,1693365002
U00084,M00138,5,1663112169
U00084,M00057,5,1674414432
U00084,M00093,4,1684887236
U00084,M00065,5,1605580905
U00085,M00094,3,1712488324
U00085,M00173,5,1704431764
U00085,M00059,4,1640263182
U00085,M00012,4,1749559990
U00085,M00017,3,1631619984
U00085,M00029,4,1745283221
U00085,M00143,5,1707953182
U00085,M00162,5,1742233831
U00085,M00013,4,1748654470
U00085,M00125,5,1647421376
U00085,M00068,5,1720674153
U00085,M00137,4,1665180736
U00085,M00175,4,1744772240
U00085,M00019,5,1726580163
U00085,M00024,5,1726358934
U00085,M00171,4,1610233046
U00086,M00082,5,1709057597
U00086,M00111,5,1736761933
U00086,M00172,5,1715880686
U00086,M00176,5,1658842468
U00086,M00158,4,1664978583
U00086,M00025,5,1652350153
U00086,M00029,4,1670808450
U00086,M00039,4,1737993263
U00086,M00094,4,1678007691
U00086,M00156,5,1735292791
U00086,M00034,4,1653851924
U00086,M00128,4,1657577867
U00086,M00099,5,1683009731
U00086,M00100,4,1641818977
U00086,M00125,4,1642644802
U00086,M00101,4,1700858206
U00087,M00064,5,1678065601
U00087,M00154,4,1680142882
U00087,M00144,5,1630433769
U00087,M00053,5,1651185820
U00087,M00026,5,1662000506
U00087,M00142,3,1717428657
U00087,M00021,4,1642550343
U00087,M00034,3,1617167904
U00087,M00133,5,1739098654
U00087,M00027,4,1620469244
U00087,M00137,4,1647495053
U00087,M00013,4,1696561556
U00087,M00161,5,1658280329
U00087,M00100,4,1730720252
U00087,M00164,5,1728149654
U00087,M00139,5,1736632810
U00088,M00119,5,1710238838
U00088,M00134,5,1736334314
U00088,M00167,5,1638182081
U00088,M00083,4,1640621348
U00088,M00075,2,1748666008
U00088,M00115,4,1613399284
U00088,M00138,4,1601836849
U00088,M00193,5,1627537645
U00088,M00197,4,1656113606
U00088,M00085,5,1610162190
U00088,M00044,5,1737852734
U00088,M00171,5,1637557755
U00088,M00050,4,1606997035
U00088,M00038,5,1714051392
U00088,M00103,4,1717958534
U00088,M00150,4,1630919540
U00089,M00085,4,1623989138
U00089,M00101,4,1621687804
U00089,M00019,4,1619325056
U00089,M00013,4,1667876259
U00089,M00084,3,1679347839
U00089,M00193,4,1741646460
U00089,M00103,5,1707687433
U00089,M00134,5,1712897549
U00089,M00119,5,1734751345
U00089,M00115,3,1734806622
U00089,M00023,5,1696777894
U00089,M00195,4,1634214603
U00089,M00167,4,1693714601
U00089,M00002,5,1745336872
U00089,M00083,5,1690263834
U00089,M00088,4,1651550473
U00090,M00032,5,1678250966
U00090,M00038,4,1687452139
U00090,M00150,5,1699394271
U00090,M00017,4,1701588196
U00090,M00047,5,1697334018
U00090,M00095,5,1618307169
U00090,M00060,5,1608125993
U00090,M00186,4,1657905030
U00090,M00194,5,1689119541
U00090,M00004,5,1614011269
U00090,M00078,4,1614993207
U00090,M00179,4,1740770796
U00090,M00177,5,1699098822
U00090,M00041,4,1675313460
U00090,M00092,5,1678764219
U00090,M00155,4,1619983486
U00091,M00089,4,1683500478
U00091,M00087,5,1672028412
U00091,M00180,2,1746884532
U00091,M00066,5,1733568244
U00091,M00177,3,1674123823
U00091,M00088,4,1687567523
U00091,M00120,4,1690896588
U00091,M00096,4,1692787966
U00091,M00093,4,1728452307
U00091,M00140,5,1605756716
U00091,M00169,5,1660858637
U00091,M00181,5,1654094037
U00091,M00018,4,1667418574
U00091,M00134,4,1604351953
U00091,M00183,4,1658416736
U00091,M00122,5,1712786046
U00092,M00166,5,1746566788
U00092,M00011,5,1679241851
U00092,M00159,4,1657775804
U00092,M00069,5,1630286270
U00092,M00070,4,1610185350
U00092,M00017,3,1657621657
U00092,M00030,5,1698303237
U00092,M00160,4,1696126500
U00092,M00098,5,1707887948
U00092,M00072,5,1652450940
U00092,M00028,4,1656220468
U00092,M00116,5,1699315290
U00092,M00036,5,1676188624
U00092,M00158,2,1715903953
U00092,M00047,4,1742797681
U00092,M00057,4,1623715268
U00093,M00182,4,1635215431
U00093,M00025,5,1695425789
U00093,M00070,5,1708955712
U00093,M00111,5,1705315685
U00093,M00082,5,1650887668
U00093,M00008,4,1690247937
U00093,M00071,4,1633252373
U00093,M00115,5,1743025152
U00093,M00192,4,1686521194
U00093,M00034,4,1706384347
U00093,M00031,4,1603739427
U00093,M00156,4,1650539027
U00093,M00006,3,1689834321
U00093,M00101,4,1632253253
U00093,M00116,3,1735863554
U00093,M00094,4,1669520424
U00094,M00040,4,1690417685
U00094,M00115,5,1610714919
U00094,M00003,5,1712459697
U00094,M00034,4,1698022203
U00094,M00094,5,1687980467
U00094,M00087,4,1663018675
U00094,M00102,4,1633455395
U00094,M00054,4,1625355451
U00094,M00188,5,1616214589
U00094,M00123,5,1646345431
U00094,M00081,4,1662136364
U00094,M00156,5,1702862015
U00094,M00101,5,1696593691
U00094,M00111,5,1732293802
U00094,M00015,1,1684520424
U00094,M00136,4,1639315828
U00095,M00192,5,1705774364
U00095,M00055,5,1685713044
U00095,M00116,5,1641161593
U00095,M00026,4,1694379690
U00095,M00030,4,1611837126
U00095,M00041,4,1600777262
U00095,M00133,3,1610741700
U00095,M00107,3,1716064100
U00095,M00057,5,1719533760
U00095,M00159,5,1658707768
U00095,M00152,5,1659984331
U00095,M00050,5,1711472716
U00095,M00109,5,1628408699
U00095,M00197,5,1679286164
U00095,M00138,5,1725375639
U00095,M00027,3,1721735604
U00096,M00076,4,1605967117
U00096,M00087,5,1621054150
U00096,M00163,4,1666206619
U00096,M00007,4,1625580508
U00096,M00136,4,1621538207
U00096,M00037,4,1609274344
U00096,M00165,5,1732386053
U00096,M00096,5,1707952789
U00096,M00183,5,1717363982
U00096,M00190,4,1632556945
U00096,M00081,5,1637421107
U00096,M00122,4,1667838066
U00096,M00151,2,1749019853
U00096,M00006,5,1713869895
U00096,M00179,5,1721356943
U00096,M00093,5,1732133086
U00097,M00059,5,1714535659
U00097,M00053,3,1659873344
U00097,M00071,5,1686473889
U00097,M00113,2,1730266231
U00097,M00106,5,1731526861
U00097,M00143,5,1647569151
U00097,M00051,5,1665229274
U00097,M00052,5,1645689452
U00097,M00013,5,1740500252
U00097,M00100,4,1669374224
U00097,M00097,4,1640431930
U00097,M00021,3,1706706430
U00097,M00002,4,1650499386
U00097,M00024,4,1718837304
U00097,M00020,5,1727799341
U00097,M00152,5,1714570427
U00098,M00158,5,1652530041
U00098,M00176,4,1678994639
U00098,M00156,5,1609878097
U00098,M00094,5,1692250312
U00098,M00071,5,1619600576
U00098,M00068,4,1717503368
U00098,M00102,4,1731849814
U00098,M00025,5,1600845922
U00098,M00031,5,1749691457
U00098,M00011,3,1734531441
U00098,M00029,5,1626047643
U00098,M00072,4,1746876294
U00098,M00082,5,1681259133
U00098,M00187,4,1722289855
U00098,M00070,5,1734645172
U00098,M00131,2,1707338606
U00099,M00013,4,1706760509
U00099,M00046,5,1673445896
U00099,M00111,4,1724000083
U00099,M00125,3,1684364442
U00099,M00068,4,1649063051
U00099,M00051,5,1694336442
U00099,M00106,4,1639995510
U00099,M00198,5,1729003567
U00099,M00137,5,1635914175
U00099,M00097,5,1612236678
U00099,M00019,5,1671431280
U00099,M00158,5,1710966244
U00099,M00196,4,1708546683
U00099,M00089,2,1623737527
U00099,M00153,5,1737031397
U00099,M00104,4,1649570383
U00100,M00183,4,1664313685
U00100,M00006,4,1687880026
U00100,M00053,5,1631731484
U00100,M00026,4,1698695344
U00100,M00181,5,1629779102
U00100,M00087,5,1696357112
U00100,M00168,3,1700151379
U00100,M00067,5,1735287499
U00100,M00093,4,1694751144
U00100,M00121,3,1709078646
U00100,M00136,4,1680524260
U00100,M00133,4,1684428995
U00100,M00114,4,1639647437
U00100,M00081,4,1693658641
U00100,M00140,5,1623646984
U00100,M00007,4,1673344018
U00101,M00134,4,1734735374
U00101,M00167,4,1690554616
U00101,M00087,4,1653403600
U00101,M00177,5,1633219801
U00101,M00086,3,1681312437
U00101,M00044,5,1712237842
U00101,M00160,5,1686340937
U00101,M00023,4,1721599697
U00101,M00150,5,1714748076
U00101,M00022,4,1689249155
U00101,M00103,5,1655983286
U00101,M00018,4,1725335226
U00101,M00011,4,1706073185
U00101,M00187,1,1669222160
U00101,M00119,4,1679411603
U00101,M00093,4,1623057102
U00102,M00109,5,1686059576
U00102,M00138,5,1627029126
U00102,M00147,5,1650900758
U00102,M00095,4,1626600049
U00102,M00065,4,1722338855
U00102,M00159,4,1669128531
U00102,M00028,5,1606011234
U00102,M00116,4,1672021370
U00102,M00011,4,1654910586
U00102,M00093,5,1603477944
U00102,M00154,5,1682519057
U00102,M00036,4,1608693053
U00102,M00139,3,1670325155
U00102,M00027,3,1624109341
U00102,M00057,5,1666828132
U00102,M00041,5,1749996553
U00103,M00148,4,1606831364
U00103,M00105,5,1692125096
U00103,M00080,5,1676125692
U00103,M00110,5,1640211817
U00103,M00072,3,1631727972
U00103,M00097,5,1697260919
U00103,M00004,3,1735524648
U00103,M00040,5,1645801892
U00103,M00151,4,1642561957
U00103,M00106,3,1616855481
U00103,M00189,5,1685292505
U00103,M00073,4,1700692064
U00103,M00107,5,1702461490
U00103,M00091,5,1648233866
U00103,M00162,5,1732302622
U00103,M00010,4,1737105484
U00104,M00060,5,1749722950
U00104,M00015,3,1716791170
U00104,M00119,3,1717443635
U00104,M00174,5,1734484350
U00104,M00186,5,1614900533
U00104,M00185,4,1700188484
U00104,M00200,4,1731162495
U00104,M00005,4,1721339873
U00104,M00004,5,1627351528
U00104,M00180,5,1708931278
U00104,M00048,4,1648524378
U00104,M00089,2,1701647122
U00104,M00157,4,1620709259
U00104,M00145,5,1742154748
U00104,M00075,3,1657117726
U00104,M00078,5,1725746758
U00105,M00114,4,1719875038
U00105,M00087,5,1607868342
U00105,M00136,4,1679290282
U00105,M00067,5,1630879101
U00105,M00081,5,1698994397
U00105,M00183,5,1700470014
U00105,M00093,5,1718852439
U00105,M00011,5,1603570731
U00105,M00156,3,1650327082
U00105,M00159,4,1606749591
U00105,M00006,4,1604757572
U00105,M00122,4,1743275622
U00105,M00190,4,1633718665
U00105,M00040,3,1646486342
U00105,M00070,5,1647665716
U00105,M00063,4,1635922000
U00106,M00039,5,1676153166
U00106,M00048,5,1698593837
U00106,M00010,5,1736627702
U00106,M00172,5,1600561846
U00106,M00007,4,1685401958
U00106,M00075,5,1721777026
U00106,M00110,4,1629243193
U00106,M00091,5,1735422731
U00106,M00183,3,1736350030
U00106,M00053,1,1643469917
U00106,M00170,5,1652180023
U00106,M00061,4,1710299141
U00106,M00033,4,1741310160
U00106,M00015,4,1671686822
U00106,M00124,1,1695224141
U00106,M00105,5,1666115884
U00107,M00134,4,1703689092
U00107,M00189,4,1718613093
U00107,M00128,4,1619941465
U00107,M00110,5,1690737916
U00107,M00105,5,1637602448
U00107,M00101,4,1601506194
U00107,M00148,5,1683113386
U00107,M00048,5,1702131133
U00107,M00107,5,1739781468
U00107,M00080,4,1647633234
U00107,M00073,5,1631027854
U00107,M00029,3,1660398868
U00107,M00061,4,1720652690
U00107,M00043,5,1667084743
U00107,M00033,4,1702898148
U00107,M00172,4,1690543114
U00108,M00143,4,1607386525
U00108,M00008,5,1716583797
U00108,M00122,5,1618997034
U00108,M00125,4,1641004772
U00108,M00176,4,1710556509
U00108,M00046,4,1706272017
U00108,M00115,4,1644705182
U00108,M00182,5,1698864550
U00108,M00024,5,1663522147
U00108,M00019,4,1717680164
U00108,M00156,5,1698382307
U00108,M00031,4,1714944450
U00108,M00111,4,1705383439
U00108,M00154,5,1693544469
U00108,M00094,5,1675062971
U00108,M00025,4,1743215999
U00109,M00095,5,1637636046
U00109,M00017,5,1643044590
U00109,M00092,5,1692091879
U00109,M00179,4,1690269557
U00109,M00186,5,1725651926
U00109,M00107,3,1663848135
U00109,M00060,4,1638452701
U00109,M00078,4,1621286815
U00109,M00056,5,1734251491
U00109,M00041,3,1706522865
U00109,M00009,5,1701643859
U00109,M00032,5,1676543090
U00109,M00157,4,1659266090
U00109,M00185,4,1673639730
U00109,M00180,4,1678742356
U00109,M00065,5,1702296852
U00110,M00133,5,1636141401
U00110,M00090,5,1644554545
U00110,M00191,5,1649653321
U00110,M00197,3,1686942049
U00110,M00035,5,1639544157
U00110,M00152,4,1665894479
U00110,M00026,5,1636748139
U00110,M00184,4,1734515768
U00110,M00050,4,1684694639
U00110,M00069,3,1705578397
U00110,M00179,3,1741063544
U00110,M00027,5,1612525137
U00110,M00178,4,1603639063
U00110,M00139,5,1661593173
U00110,M00154,5,1663372395
U00110,M00161,4,1739672850
U00111,M00098,5,1733686832
U00111,M00197,5,1635149751
U00111,M00195,4,1615306449
U00111,M00109,4,1615779611
U00111,M00038,5,1639681979
U00111,M00083,3,1601790805
U00111,M00062,4,1728845249
U00111,M00116,5,1652463733
U00111,M00193,5,1667817968
U00111,M00171,4,1710235339
U00111,M00044,3,1704877265
U00111,M00055,4,1742847924
U00111,M00192,5,1683550468
U00111,M00057,4,1644387490
U00111,M00072,5,1624886044
U00111,M00088,3,1709163291
U00112,M00021,5,1637732035
U00112,M00053,4,1730702962
U00112,M00166,4,1639347553
U00112,M00056,3,1651716120
U00112,M00046,3,1629494385
U00112,M00164,4,1634876894
U00112,M00072,4,1660731330
U00112,M00138,5,1700803466
U00112,M00065,4,1725305839
U00112,M00159,5,1627648018
U00112,M00057,4,1680946907
U00112,M00069,5,1702798348
U00112,M00117,4,1693825782
U00112,M00171,4,1658787131
U00112,M00041,5,1733535682
U00112,M00109,4,1676435127
U00113,M00191,5,1650793783
U00113,M00184,5,1649194575
U00113,M00121,4,1661938307
U00113,M00035,5,1742404457
U00113,M00168,4,1681223492
U00113,M00021,5,1631322840
U00113,M00144,5,1737350171
U00113,M00198,4,1734060400
U00113,M00133,5,1648286522
U00113,M00042,5,1678007396
U00113,M00026,4,1733489959
U00113,M00062,5,1608871048
U00113,M00139,5,1654682027
U00113,M00075,2,1672501097
U00113,M00154,4,1623202667
U00113,M00085,4,1607845337
U00114,M00015,5,1610150985
U00114,M00173,4,1652403706
U00114,M00135,5,1741912856
U00114,M00137,5,1742369524
U00114,M00040,3,1667806421
U00114,M00106,4,1703222399
U00114,M00073,5,1606824343
U00114,M00068,4,1641657477
U00114,M00019,4,1705718851
U00114,M00152,3,1632876120
U00114,M00024,5,1724992635
U00114,M00100,5,1655610681
U00114,M00053,1,1647424222
U00114,M00189,4,1748105826
U00114,M00104,5,1630708291
U00114,M00002,5,1613983976
U00115,M00044,4,1701200377
U00115,M00103,5,1603656178
U00115,M00166,5,1674785625
U00115,M00138,4,1734331866
U00115,M00119,4,1747209599
U00115,M00121,5,1681829401
U00115,M00031,2,1650148879
U00115,M00022,4,1662388857
U00115,M00150,4,1638212620
U00115,M00177,5,1695351403
U00115,M00062,5,1628844039
U00115,M00193,4,1725460679
U00115,M00085,4,1699797690
U00115,M00030,4,1674503820
U00115,M00134,4,1725989652
U00115,M00038,4,1646895303
U00116,M00176,5,1678928321
U00116,M00156,4,1718505733
U00116,M00157,3,1667837657
U00116,M00008,5,1732332402
U00116,M00135,4,1697593722
U00116,M00049,4,1717602400
U00116,M00111,5,1661316406
U00116,M00115,4,1740629866
U00116,M00179,5,1701855259
U00116,M00185,4,1646168801
U00116,M00177,3,1738307218
U00116,M00094,4,1729557927
U00116,M00158,4,1693252861
U00116,M00102,4,1702007147
U00116,M00101,4,1741285389
U00116,M00125,4,1640244535
U00117,M00061,4,1733141579
U00117,M00136,5,1601874632
U00117,M00162,5,1623928590
U00117,M00140,5,1654420299
U00117,M00093,5,1719052417
U00117,M00039,4,1624290452
U00117,M00006,5,1641904838
U00117,M00076,4,1636841644
U00117,M00110,5,1741947314
U00117,M00087,4,1642389611
U00117,M00122,5,1679322173
U00117,M00081,5,1693159499
U00117,M00033,3,1739305989
U00117,M00190,5,1615850938
U00117,M00003,3,1710437149
U00117,M00114,4,1745145410
U00118,M00003,4,1668985567
U00118,M00156,5,1724183712
U00118,M00154,4,1704146339
U00118,M00115,5,1708095340
U00118,M00109,3,1742621776
U00118,M00125,4,1695234124
U00118,M00189,4,1639001991
U00118,M00082,4,1668245450
U00118,M00158,4,1687610206
U00118,M00031,5,1645089495
U00118,M00187,5,1600281227
U00118,M00040,4,1672356120
U00118,M00008,4,1621023765
U00118,M00071,5,1744433109
U00118,M00029,5,1695610406
U00118,M00054,4,1657752775
U00119,M00047,4,1677546698
U00119,M00141,3,1669250083
U00119,M00111,4,1616172076
U00119,M00083,5,1658857444
U00119,M00167,4,1619516935
U00119,M00038,5,1642687537
U00119,M00008,3,1628689119
U00119,M00134,4,1695207510
U00119,M00045,4,1702717137
U00119,M00044,5,1601976846
U00119,M00022,4,1746950895
U00119,M00115,4,1645036121
U00119,M00037,2,1631195810
U00119,M00160,5,1605634138
U00119,M00088,4,1684574066
U00119,M00119,4,1656912688
U00120,M00182,4,1624795772
U00120,M00184,4,1633519110
U00120,M00128,4,1682426282
U00120,M00031,4,1671689632
U00120,M00188,4,1684734327
U00120,M00024,1,1605829845
U00120,M00094,4,1692193777
U00120,M00156,4,1707820311
U00120,M00071,4,1629254982
U00120,M00101,4,1613657409
U00120,M00152,3,1679701465
U00120,M00111,5,1643613073
U00120,M00164,5,1673944310
U00120,M00008,5,1701364975
U00120,M00045,5,1676014590
U00120,M00029,5,1701307474
U00121,M00176,3,1742747158
U00121,M00126,5,1615435446
U00121,M00042,5,1674056224
U00121,M00139,5,1712870367
U00121,M00159,4,1667254324
U00121,M00184,5,1602249061
U00121,M00053,5,1635600327
U00121,M00027,4,1685659706
U00121,M00144,4,1743741530
U00121,M00164,5,1620491725
U00121,M00167,3,1634666941
U00121,M00152,5,1663820137
U00121,M00101,4,1711651038
U00121,M00156,4,1688894248
U00121,M00154,5,1649494303
U00121,M00071,4,1620348123
U00122,M00173,5,1740707949
U00122,M00156,5,1602769841
U00122,M00013,4,1626857132
U00122,M00182,3,1734493006
U00122,M00079,5,1689861770
U00122,M00196,5,1721402717
U00122,M00111,4,1746478375
U00122,M00152,2,1638319535
U00122,M00137,5,1620309521
U00122,M00002,5,1690630403
U00122,M00135,5,1627635306
U00122,M00162,5,1744643345
U00122,M00180,2,1718602315
U00122,M00100,5,1603657891
U00122,M00024,5,1610133014
U00122,M00106,4,1725979908
U00123,M00158,3,1712152062
U00123,M00155,4,1660840974
U00123,M00139,2,1705710387
U00123,M00004,4,1680302094
U00123,M00092,5,1735164821
U00123,M00005,4,1712105060
U00123,M00145,5,1641396432
U00123,M00113,4,1692756913
U00123,M00185,5,1670469776
U00123,M00123,5,1723852793
U00123,M00180,4,1642188042
U00123,M00007,5,1694056348
U00123,M00095,5,1721429493
U00123,M00174,4,1729325343
U00123,M00074,4,1602671382
U00123,M00006,5,1699348369
U00124,M00104,5,1643879989
U00124,M00075,4,1693766509
U00124,M00100,5,1648687759
U00124,M00175,5,1695803557
U00124,M00135,4,1712287114
U00124,M00033,5,1610610231
U00124,M00137,5,1737132264
U00124,M00039,4,1606043330
U00124,M00012,5,1664229205
U00124,M00084,5,1643987144
U00124,M00068,5,1669613445
U00124,M00002,5,1709057863
U00124,M00097,4,1731048809
U00124,M00052,5,1674120311
U00124,M00051,4,1604457581
U00124,M00106,5,1722268894
U00125,M00121,5,1687167222
U00125,M00190,5,1641339641
U00125,M00073,3,1630569099
U00125,M00047,4,1749238409
U00125,M00146,5,1738176701
U00125,M00007,5,1728551600
U00125,M00150,5,1627112641
U00125,M00193,4,1718163388
U00125,M00087,4,1640500581
U00125,M00006,4,1653796772
U00125,M00179,4,1621174211
U00125,M00085,4,1610420722
U00125,M00195,5,1648253186
U00125,M00134,5,1629164345
U00125,M00167,4,1719010943
U00125,M00177,4,1670006688
U00126,M00121,5,1749333880
U00126,M00152,4,1692790236
U00126,M00134,5,1744003052
U00126,M00103,4,1621562153
U00126,M00040,5,1728985966
U00126,M00061,4,1653223181
U00126,M00089,5,1605276919
U00126,M00088,5,1614046420
U00126,M00073,4,1618198719
U00126,M00047,4,1688096076
U00126,M00167,5,1674398703
U00126,M00018,4,1621873025
U00126,M00189,5,1705336960
U00126,M00150,5,1634169103
U00126,M00155,1,1747912086
U00126,M00119,4,1707714967
U00127,M00129,5,1747756881
U00127,M00029,5,1657658612
U00127,M00139,3,1643881950
U00127,M00034,4,1673001451
U00127,M00128,5,1642024854
U00127,M00101,4,1636792553
U00127,M00111,5,1670366608
U00127,M00187,4,1646045571
U00127,M00066,3,1652841884
U00127,M00067,5,1745283194
U00127,M00176,4,1693875087
U00127,M00033,2,1635495903
U00127,M00087,5,1711770612
U00127,M00025,4,1705278745
U00127,M00188,4,1620231410
U00127,M00082,4,1719371616
U00128,M00011,5,1630469554
U00128,M00154,4,1660583251
U00128,M00138,4,1747723441
U00128,M00192,5,1632841016
U00128,M00199,3,1727527619
U00128,M00062,5,1632405537
U00128,M00098,5,1670460733
U00128,M00168,3,1730872735
U00128,M00036,5,1738948749
U00128,M00147,5,1738229136
U00128,M00095,3,1602804645
U00128,M00065,5,1606750808
U00128,M00055,5,1647026440
U00128,M00197,5,1634321793
U00128,M00041,4,1629162764
U00128,M00166,4,1690766938
U00129,M00023,5,1670471022
U00129,M00134,5,1743782109
U00129,M00193,4,1608917197
U00129,M00085,4,1693579696
U00129,M00022,4,1603568385
U00129,M00038,5,1691927691
U00129,M00088,5,1663000115
U00129,M00177,5,1663109842
U00129,M00160,5,1696888811
U00129,M00109,1,1646806792
U00129,M00016,4,1687518389
U00129,M00033,4,1602234024
U00129,M00040,4,1686557121
U00129,M00050,1,1609597942
U00129,M00167,5,1703799623
U00129,M00170,5,1652052893
U00130,M00195,5,1711203263
U00130,M00188,5,1731083547
U00130,M00043,5,1628081714
U00130,M00094,5,1697778484
U00130,M00046,5,1669588246
U00130,M00111,4,1673497084
U00130,M00003,5,1734266408
U00130,M00033,3,1696899785
U00130,M00156,4,1607808722
U00130,M00125,5,1637008357
U00130,M00121,5,1716702018
U00130,M00088,4,1684157354
U00130,M00008,5,1695832944
U00130,M00044,5,1679159226
U00130,M00115,4,1671854387
U00130,M00083,4,1605142860
U00131,M00122,4,1657502042
U00131,M00067,4,1746351676
U00131,M00199,5,1633877722
U00131,M00044,1,1737322213
U00131,M00087,5,1654730233
U00131,M00163,5,1733343788
U00131,M00144,5,1741843339
U00131,M00066,4,1744927179
U00131,M00114,5,1618295124
U00131,M00190,5,1695761492
U00131,M00158,2,1746360680
U00131,M00169,5,1696463615
U00131,M00096,5,1714480942
U00131,M00126,4,1735701257
U00131,M00120,5,1622735010
U00131,M00042,4,1732721882
U00132,M00109,5,1645200220
U00132,M00090,5,1674071753
U00132,M00041,4,1669072873
U00132,M00062,4,1728615580
U00132,M00028,5,1631660000
U00132,M00197,5,1613291799
U00132,M00033,5,1641595521
U00132,M00170,5,1665318120
U00132,M00030,4,1678761473
U00132,M00166,5,1617256762
U00132,M00027,2,1697246723
U00132,M00011,4,1621915106
U00132,M00070,4,1642669890
U00132,M00138,5,1695937384
U00132,M00048,5,1693587505
U00132,M00061,3,1701252829
U00133,M00063,5,1681141543
U00133,M00007,4,1634803453
U00133,M00087,4,1685457736
U00133,M00169,5,1741567712
U00133,M00110,4,1687846073
U00133,M00136,5,1635681439
U00133,M00112,4,1704238804
U00133,M00067,4,1643207346
U00133,M00006,4,1607763350
U00133,M00163,4,1703902741
U00133,M00040,4,1610650376
U00133,M00157,4,1604878397
U00133,M00081,5,1625192249
U00133,M00076,5,1733270630
U00133,M00103,3,1633710616
U00133,M00148,5,1666882781
U00134,M00090,5,1711106680
U00134,M00173,5,1656670481
U00134,M00133,5,1738570653
U00134,M00057,4,1634017824
U00134,M00030,5,1744997254
U00134,M00069,5,1637220771
U00134,M00162,3,1705081892
U00134,M00027,4,1681331964
U00134,M00139,5,1735618284
U00134,M00197,4,1643485856
U00134,M00109,5,1728533731
U00134,M00141,3,1601174603
U00134,M00036,4,1622836195
U00134,M00050,4,1662911817
U00134,M00159,4,1710373170
U00134,M00116,5,1652330925
U00135,M00002,2,1748999995
U00135,M00092,4,1695530636
U00135,M00095,4,1688463285
U00135,M00060,4,1650477277
U00135,M00056,5,1711869708
U00135,M00185,5,1720522306
U00135,M00103,5,1747578747
U00135,M00157,4,1635986832
U00135,M00174,5,1743501916
U00135,M00074,4,1720901272
U00135,M00016,4,1603027662
U00135,M00186,4,1746895555
U00135,M00179,5,1712434999
U00135,M00180,4,1710530602
U00135,M00124,5,1673849750
U00135,M00022,5,1605653454
U00136,M00184,4,1648967159
U00136,M00141,4,1715163473
U00136,M00168,4,1701262567
U00136,M00031,3,1694440574
U00136,M00027,5,1651271584
U00136,M00164,4,1626172151
U00136,M00139,4,1689418713
U00136,M00042,5,1659933156
U00136,M00007,4,1740498180
U00136,M00152,5,1736806869
U00136,M00026,4,1627197966
U00136,M00182,3,1657879146
U00136,M00178,5,1674426413
U00136,M00154,4,1719123177
U00136,M00144,5,1706615461
U00136,M00043,3,1686857008
U00137,M00015,4,1626292806
U00137,M00091,5,1633807606
U00137,M00103,5,1684927623
U00137,M00105,4,1716064172
U00137,M00013,5,1623314053
U00137,M00033,5,1686210756
U00137,M00193,3,1700432433
U00137,M00010,5,1734649331
U00137,M00089,5,1681076797
U00137,M00039,5,1698326644
U00137,M00018,5,1649337094
U00137,M00107,4,1738144585
U00137,M00189,4,1689258604
U00137,M00080,5,1706881234
U00137,M00048,5,1600511127
U00137,M00075,5,1706281370
U00138,M00142,2,1602823468
U00138,M00015,3,1694761455
U00138,M00054,4,1686580959
U00138,M00111,5,1646029484
U00138,M00160,4,1702051205
U00138,M00115,5,1631708214
U00138,M00101,4,1620149281
U00138,M00102,4,1636269518
U00138,M00119,4,1668948286
U00138,M00094,4,1616959549
U00138,M00029,4,1746473285
U00138,M00031,4,1611576856
U00138,M00043,5,1656016197
U00138,M00018,3,1731700328
U00138,M00003,5,1739365110
U00138,M00134,5,1616607978
U00139,M00071,4,1679448911
U00139,M00033,2,1708761700
U00139,M00150,4,1722995970
U00139,M00043,5,1646773304
U00139,M00085,4,1600048653
U00139,M00111,5,1619381119
U00139,M00018,3,1725670665
U00139,M00034,5,1646698807
U00139,M00188,5,1712700806
U00139,M00115,4,1698558250
U00139,M00102,5,1749919916
U00139,M00158,5,1744365167
U00139,M00079,3,1602240541
U00139,M00025,5,1654082845
U00139,M00029,5,1707051542
U00139,M00094,4,1695446590
U00140,M00045,5,1704545579
U00140,M00119,3,1625411852
U00140,M00027,5,1674542533
U00140,M00199,5,1622493542
U00140,M00164,5,1645516890
U00140,M00139,4,1699062426
U00140,M00154,4,1620926035
U00140,M00021,5,1714468445
U00140,M00038,5,1722171100
U00140,M00184,4,1697760171
U00140,M00061,4,1742090660
U00140,M00161,4,1651494566
U00140,M00168,4,1655990112
U00140,M00180,3,1666227556
U00140,M00133,4,1729100119
U00140,M00053,4,1697277686
U00141,M00154,5,1662552051
U00141,M00133,5,1647682392
U00141,M00031,2,1600320711
U00141,M00067,3,1684108728
U00141,M00026,5,1600146284
U00141,M00042,5,1616162462
U00141,M00184,5,1669527382
U00141,M00001,3,1660390056
U00141,M00021,4,1675558265
U00141,M00027,5,1744786053
U00141,M00053,4,1628415652
U00141,M00199,5,1661062666
U00141,M00139,5,1613334948
U00141,M00168,4,1688831874
U00141,M00144,4,1631902559
U00141,M00164,5,1613321782
U00142,M00178,4,1609490732
U00142,M00002,3,1735042161
U00142,M00133,4,1732542324
U00142,M00081,2,1717217246
U00142,M00198,5,1610793359
U00142,M00026,4,1626570032
U00142,M00152,4,1749498612
U00142,M00021,4,1644926567
U00142,M00031,4,1714415989
U00142,M00082,4,1650648033
U00142,M00144,5,1746826900
U00142,M00199,4,1607105164
U00142,M00101,3,1693913923
U00142,M00164,5,1711655694
U00142,M00053,5,1626233121
U00142,M00161,4,1667876028
U00143,M00180,5,1713122850
U00143,M00060,5,1609185052
U00143,M00074,5,1728790024
U00143,M00103,4,1663602201
U00143,M00018,5,1722331547
U00143,M00197,3,1636749789
U00143,M00179,5,1682366079
U00143,M00160,4,1620294799
U00143,M00186,4,1676183503
U00143,M00155,5,1627088190
U00143,M00032,5,1693649539
U00143,M00078,5,1611941826
U00143,M00095,4,1727288548
U00143,M00137,3,1659939894
U00143,M00038,4,1746140348
U00143,M00017,5,1714675593
U00144,M00133,3,1681108384
U00144,M00105,2,1611567712
U00144,M00123,5,1665260521
U00144,M00136,5,1608690987
U00144,M00021,4,1748109537
U00144,M00190,4,1682397819
U00144,M00183,4,1616705891
U00144,M00184,5,1733622796
U00144,M00165,5,1716373304
U00144,M00006,4,1741868383
U00144,M00076,4,1678261284
U00144,M00093,4,1692144633
U00144,M00122,4,1714513980
U00144,M00181,5,1728427430
U00144,M00199,3,1690223944
U00144,M00169,5,1702480920
U00145,M00007,5,1663878828
U00145,M00183,4,1723484979
U00145,M00081,4,1693960004
U00145,M00067,5,1713671814
U00145,M00123,5,1644658090
U00145,M00096,4,1635392533
U00145,M00011,5,1736928940
U00145,M00055,5,1645479959
U00145,M00036,4,1692819434
U00145,M00169,4,1704513901
U00145,M00070,3,1727176454
U00145,M00094,1,1737689101
U00145,M00136,5,1648562065
U00145,M00087,4,1718511819
U00145,M00193,3,1717036039
U00145,M00181,4,1737114041
U00146,M00155,5,1667505093
U00146,M00060,4,1634902926
U00146,M00179,5,1704401350
U00146,M00056,5,1627219314
U00146,M00174,4,1654889374
U00146,M00018,3,1718049163
U00146,M00095,5,1692483053
U00146,M00182,4,1651974592
U00146,M00103,3,1687552237
U00146,M00088,3,1680140621
U00146,M00049,5,1717321263
U00146,M00195,5,1633019680
U00146,M00157,5,1669880659
U00146,M00004,5,1638093954
U00146,M00186,5,1689180451
U00146,M00044,5,1693880676
U00147,M00116,4,1741922760
U00147,M00072,5,1677788992
U00147,M00070,4,1694346363
U00147,M00173,3,1708350020
U00147,M00019,4,1724716031
U00147,M00168,5,1669415648
U00147,M00171,4,1658807496
U00147,M00137,5,1660100633
U00147,M00036,5,1661957717
U00147,M00030,4,1716053519
U00147,M00138,4,1710765228
U00147,M00045,4,1613029782
U00147,M00065,4,1661034696
U00147,M00192,5,1676383538
U00147,M00159,4,1638196991
U00147,M00069,5,1696008147
U00148,M00163,5,1609560323
U00148,M00096,5,1693142885
U00148,M00033,5,1636138566
U00148,M00075,4,1695163544
U00148,M00165,4,1700801583
U00148,M00169,5,1745348760
U00148,M00129,5,1735206736
U00148,M00066,5,1646408337
U00148,M00190,5,1717918211
U00148,M00015,4,1628321913
U00148,M00074,2,1639801388
U00148,M00093,5,1649369911
U00148,M00087,5,1666664113
U00148,M00181,4,1691435687
U00148,M00148,4,1650354469
U00148,M00076,5,1620305096
U00149,M00018,5,1617358677
U00149,M00193,5,1727067079
U00149,M00131,4,1642082836
U00149,M00083,5,1621337388
U00149,M00044,4,1601670927
U00149,M00070,5,1684197172
U00149,M00164,4,1729251684
U00149,M00160,5,1665247101
U00149,M00147,3,1651228404
U00149,M00045,4,1692201983
U00149,M00121,5,1695783201
U00149,M00150,4,1657975216
U00149,M00195,4,1684587328
U00149,M00103,4,1706581648
U00149,M00168,2,1605206991
U00149,M00167,5,1749778414
U00150,M00170,4,1687224918
U00150,M00039,5,1720108445
U00150,M00062,3,1666963189
U00150,M00036,4,1709175490
U00150,M00075,4,1622429051
U00150,M00110,5,1615261977
U00150,M00010,5,1630825582
U00150,M00001,5,1672716775
U00150,M00048,5,1689610159
U00150,M00070,4,1638904676
U00150,M00073,5,1676708052
U00150,M00107,4,1610442783
U00150,M00050,3,1604533706
U00150,M00149,5,1722443465
U00150,M00166,5,1621643471
U00150,M00060,2,1629010348
U00151,M00054,5,1691673998
U00151,M00059,3,1649446766
U00151,M00175,3,1741738164
U00151,M00020,4,1619035831
U00151,M00176,5,1636635107
U00151,M00043,4,1691129650
U00151,M00111,5,1735873142
U00151,M00158,4,1714887131
U00151,M00025,5,1719893067
U00151,M00102,5,1636293261
U00151,M00046,5,1663076678
U00151,M00008,5,1677662167
U00151,M00156,4,1734396492
U00151,M00038,3,1616027938
U00151,M00034,5,1702951391
U00151,M00024,5,1658653382
U00152,M00171,3,1703019499
U00152,M00174,4,1660448082
U00152,M00097,4,1632958220
U00152,M00175,5,1609932297
U00152,M00106,4,1718587117
U00152,M00075,5,1721420595
U00152,M00056,5,1660396935
U00152,M00180,5,1689394077
U00152,M00196,5,1738127470
U00152,M00162,4,1690011911
U00152,M00059,4,1636974269
U00152,M00143,5,1670227422
U00152,M00019,4,1655318411
U00152,M00095,5,1683672332
U00152,M00024,5,1722491066
U00152,M00100,4,1653994889
U00153,M00190,3,1660500107
U00153,M00030,5,1660694293
U00153,M00177,5,1716042756
U00153,M00192,4,1736927299
U00153,M00160,4,1641880391
U00153,M00138,4,1732913522
U00153,M00171,4,1640817745
U00153,M00050,4,1655171068
U00153,M00197,4,1706719167
U00153,M00085,3,1665681773
U00153,M00186,2,1749830753
U00153,M00159,5,1682058080
U00153,M00036,5,1691377893
U00153,M00116,5,1679986512
U00153,M00070,5,1627121679
U00153,M00193,5,1652452819
U00154,M00163,4,1619644726
U00154,M00085,5,1729477381
U00154,M00189,5,1665503636
U00154,M00061,5,1668357088
U00154,M00015,4,1744699034
U00154,M00075,5,1611020637
U00154,M00200,5,1642806171
U00154,M00010,5,1715723945
U00154,M00039,4,1638017741
U00154,M00093,4,1634481668
U00154,M00105,4,1730796670
U00154,M00091,4,1737658756
U00154,M00110,4,1710869836
U00154,M00107,4,1607107707
U00154,M00040,5,1662194677
U00154,M00187,2,1683375530
U00155,M00074,5,1691892811
U00155,M00029,4,1624034524
U00155,M00025,4,1654267652
U00155,M00112,3,1701231516
U00155,M00031,5,1620225197
U00155,M00124,3,1742830663
U00155,M00177,4,1695511139
U00155,M00176,5,1735114948
U00155,M00194,5,1727909800
U00155,M00094,5,1611578443
U00155,M00034,4,1622836184
U00155,M00156,4,1653143762
U00155,M00125,4,1745353927
U00155,M00071,4,1718507018
U00155,M00157,4,1683776676
U00155,M00101,5,1627269441
U00156,M00008,5,1738232812
U00156,M00029,5,1734132906
U00156,M00003,5,1687070570
U00156,M00187,4,1724624026
U00156,M00044,5,1705193152
U00156,M00099,5,1629116129
U00156,M00025,4,1634092546
U00156,M00128,5,1634875232
U00156,M00115,4,1729689683
U00156,M00045,4,1633421049
U00156,M00182,5,1741007038
U00156,M00071,4,1716907530
U00156,M00184,3,1699118836
U00156,M00176,4,1691618735
U00156,M00010,2,1673607902
U00156,M00156,4,1624835800
U00157,M00061,5,1611783549
U00157,M00112,5,1737131740
U00157,M00075,5,1723253328
U00157,M00010,4,1728109211
U00157,M00033,4,1673598942
U00157,M00073,5,1686231154
U00157,M00040,4,1717306678
U00157,M00148,5,1629997777
U00157,M00103,4,1608210237
U00157,M00023,4,1640415506
U00157,M00083,4,1681559119
U00157,M00155,1,1653882993
U00157,M00110,5,1620499945
U00157,M00145,4,1633646124
U00157,M00080,4,1607450191
U00157,M00105,4,1717300779
U00158,M00008,4,1731315854
U00158,M00143,4,1745787128
U00158,M00115,4,1626372373
U00158,M00059,4,1620724810
U00158,M00019,3,1652306318
U00158,M00029,5,1722170127
U00158,M00071,4,1637159115
U00158,M00111,5,1676774470
U00158,M00176,4,1628319096
U00158,M00097,5,1651109066
U00158,M00025,4,1660070015
U00158,M00054,5,1724496795
U00158,M00094,5,1739077294
U00158,M00109,3,1743476255
U00158,M00020,3,1615937336
U00158,M00188,4,1679474183
U00159,M00063,4,1645114322
U00159,M00108,4,1648949763
U00159,M00037,4,1697313756
U00159,M00017,5,1653056591
U00159,M00088,3,1680023826
U00159,M00095,4,1649352511
U00159,M00186,5,1621031000
U00159,M00092,4,1667737583
U00159,M00190,4,1714118157
U00159,M00056,5,1678585837
U00159,M00145,5,1622294769
U00159,M00067,5,1748554334
U00159,M00157,4,1685908265
U00159,M00074,4,1740634894
U00159,M00005,4,1692149676
U00159,M00124,5,1685186237
U00160,M00037,4,1718261143
U00160,M00176,5,1669559260
U00160,M00115,5,1716972333
U00160,M00029,4,1655093742
U00160,M00158,5,1653132534
U00160,M00102,4,1603195348
U00160,M00148,1,1609414285
U00160,M00111,4,1734722255
U00160,M00017,5,1663599869
U00160,M00008,4,1702292048
U00160,M00025,4,1714885210
U00160,M00171,4,1653703937
U00160,M00187,5,1647307966
U00160,M00003,4,1659850008
U00160,M00004,3,1601750644
U00160,M00031,4,1713440319
U00161,M00103,5,1688944097
U00161,M00012,4,1664593251
U00161,M00020,5,1614250437
U00161,M00199,3,1660713948
U00161,M00097,5,1695534741
U00161,M00019,5,1725908712
U00161,M00143,5,1611373481
U00161,M00002,5,1678850600
U00161,M00013,5,1690346060
U00161,M00024,4,1631426053
U00161,M00154,3,1639727770
U00161,M00175,5,1636276615
U00161,M00127,3,1697405768
U00161,M00078,4,1697730464
U00161,M00104,5,1696049696
U00161,M00135,5,1654482908
U00162,M00150,4,1721345081
U00162,M00177,4,1631380772
U00162,M00083,5,1735156172
U00162,M00195,4,1735223835
U00162,M00129,4,1641071759
U00162,M00119,5,1712282385
U00162,M00096,3,1707073352
U00162,M00134,5,1747129774
U00162,M00038,4,1619134004
U00162,M00093,3,1628531295
U00162,M00088,5,1610137576
U00162,M00121,4,1658969361
U00162,M00169,3,1698738012
U00162,M00018,5,1611874236
U00162,M00085,4,1725233344
U00162,M00022,5,1716632820
U00163,M00097,4,1676025154
U00163,M00124,4,1698253044
U00163,M00173,5,1733279609
U00163,M00049,4,1715806493
U00163,M00195,3,1729735214
U00163,M00078,5,1721351642
U00163,M00157,5,1705313876
U00163,M00186,4,1700428172
U00163,M00106,4,1618545267
U00163,M00155,5,1671223545
U00163,M00095,4,1675902275
U00163,M00074,4,1632356643
U00163,M00060,5,1638034532
U00163,M00179,4,1676056931
U00163,M00150,4,1667773342
U00163,M00037,5,1618586853
U00164,M00101,3,1712871713
U00164,M00023,5,1671330089
U00164,M00134,4,1705026367
U00164,M00085,5,1723011382
U00164,M00045,5,1656574363
U00164,M00193,4,1633739560
U00164,M00083,5,1725468204
U00164,M00150,4,1686901984
U00164,M00160,5,1660328183
U00164,M00047,4,1643568207
U00164,M00121,5,1748760739
U00164,M00044,4,1643351241
U00164,M00090,3,1693465708
U00164,M00167,5,1713896751
U00164,M00177,4,1708728789
U00164,M00008,4,1693256902
U00165,M00057,5,1749268614
U00165,M00070,5,1727183062
U00165,M00155,5,1626392153
U00165,M00185,5,1651478746
U00165,M00056,4,1673411539
U00165,M00004,4,1672242666
U00165,M00074,5,1643494078
U00165,M00005,5,1705406986
U00165,M00037,5,1647648404
U00165,M00078,5,1701030763
U00165,M00174,5,1706632253
U00165,M00060,5,1744639625
U00165,M00092,5,1616221109
U00165,M00041,4,1749699180
U00165,M00095,5,1640015865
U00165,M00186,4,1744329338
U00166,M00049,4,1635863084
U00166,M00112,4,1660360633
U00166,M00155,5,1681861272
U00166,M00170,4,1668525548
U00166,M00037,5,1742778497
U00166,M00091,4,1720794421
U00166,M00179,5,1724720860
U00166,M00186,5,1652720862
U00166,M00124,5,1681503272
U00166,M00074,4,1703280738
U00166,M00058,5,1676300900
U00166,M00126,4,1656531180
U00166,M00056,5,1607284853
U00166,M00001,4,1721251364
U00166,M00105,4,1724663503
U00166,M00017,5,1714225535
U00167,M00119,3,1628613383
U00167,M00031,4,1668703168
U00167,M00071,5,1712199972
U00167,M00178,5,1661268160
U00167,M00101,5,1718277873
U00167,M00181,2,1671131575
U00167,M00082,5,1695318288
U00167,M00029,5,1626202061
U00167,M00003,5,1734343964
U00167,M00099,4,1713678449
U00167,M00111,5,1635980061
U00167,M00102,4,1645061425
U00167,M00025,5,1656648306
U00167,M00164,4,1621307964
U00167,M00133,5,1665735171
U00167,M00158,4,1651136768
U00168,M00015,4,1738165399
U00168,M00061,5,1700197841
U00168,M00112,4,1656554057
U00168,M00107,4,1720706064
U00168,M00033,4,1658588501
U00168,M00075,5,1692116619
U00168,M00091,4,1653045088
U00168,M00040,5,1672618698
U00168,M00076,5,1736191210
U00168,M00016,3,1700249912
U00168,M00046,1,1743313455
U00168,M00073,5,1684758639
U00168,M00014,4,1609064100
U00168,M00105,4,1647602816
U00168,M00039,5,1740027482
U00168,M00110,4,1632676686
U00169,M00115,5,1617329466
U00169,M00111,5,1625251256
U00169,M00007,5,1697351995
U00169,M00067,3,1676774564
U00169,M00176,4,1654798480
U00169,M00071,5,1745566464
U00169,M00143,3,1749240721
U00169,M00003,5,1627485113
U00169,M00158,5,1640471650
U00169,M00094,4,1731504322
U00169,M00182,5,1728769135
U00169,M00120,5,1732924025
U00169,M00082,5,1705359764
U00169,M00031,4,1622886342
U00169,M00156,5,1617902283
U00169,M00181,4,1675041349
U00170,M00155,5,1677957008
U00170,M00004,5,1662564692
U00170,M00179,5,1712610211
U00170,M00074,5,1663145123
U00170,M00082,4,1657664207
U00170,M00075,3,1622764095
U00170,M00032,5,1661331592
U00170,M00145,4,1630275676
U00170,M00095,5,1624584503
U00170,M00008,4,1723000704
U00170,M00058,5,1695624013
U00170,M00071,5,1615587424
U00170,M00037,5,1678071768
U00170,M00156,5,1617995109
U00170,M00157,4,1602506868
U00170,M00124,5,1634466410
U00171,M00024,3,1661743082
U00171,M00080,4,1657887448
U00171,M00149,4,1609360264
U00171,M00112,5,1701202786
U00171,M00148,5,1624463384
U00171,M00015,4,1610530117
U00171,M00136,4,1646973524
U00171,M00048,5,1650883673
U00171,M00061,5,1677374037
U00171,M00039,4,1609953832
U00171,M00029,1,1708271945
U00171,M00200,5,1622068397
U00171,M00040,5,1675031129
U00171,M00093,3,1701694948
U00171,M00067,5,1611190646
U00171,M00075,5,1652864363
U00172,M00163,3,1652960372
U00172,M00147,5,1702540433
U00172,M00171,5,1722066267
U00172,M00183,5,1606063807
U00172,M00006,5,1685160828
U00172,M00155,3,1641420980
U00172,M00090,4,1643710136
U00172,M00011,5,1701370386
U00172,M00116,5,1650882538
U00172,M00070,5,1682825545
U00172,M00197,5,1633172320
U00172,M00062,5,1661685314
U00172,M00036,4,1661644598
U00172,M00007,3,1630345756
U00172,M00061,2,1693471478
U00172,M00138,5,1668137299
U00173,M00086,4,1692619435
U00173,M00067,5,1680303809
U00173,M00041,2,1662960787
U00173,M00049,3,1698207316
U00173,M00183,4,1738270864
U00173,M00120,5,1725057814
U00173,M00109,3,1658240304
U00173,M00124,4,1632255862
U00173,M00114,5,1601368828
U00173,M00181,5,1635738539
U00173,M00078,4,1607786078
U00173,M00081,4,1718635364
U00173,M00190,5,1653279988
U00173,M00096,5,1675412926
U00173,M00163,5,1635224652
U00173,M00136,4,1708786318
U00174,M00163,3,1736713359
U00174,M00024,4,1626770411
U00174,M00019,4,1745446315
U00174,M00162,4,1672469445
U00174,M00052,4,1715608304
U00174,M00007,5,1604368143
U00174,M00106,5,1644672618
U00174,M00013,4,1749668298
U00174,M00123,4,1608744495
U00174,M00100,4,1727965539
U00174,M00097,5,1745583979
U00174,M00002,5,1707225618
U00174,M00076,4,1602729390
U00174,M00084,5,1726399674
U00174,M00104,4,1719960187
U00174,M00141,2,1651032708
U00175,M00011,5,1726958450
U00175,M00060,4,1627034115
U00175,M00174,5,1726597867
U00175,M00041,4,1693664783
U00175,M00050,5,1673131367
U00175,M00070,5,1617907240
U00175,M00062,4,1746584986
U00175,M00042,2,1634712732
U00175,M00171,5,1662226455
U00175,M00056,4,1612053868
U00175,M00192,5,1617936122
U00175,M00040,1,1686538122
U00175,M00159,5,1743922035
U00175,M00037,5,1741508366
U00175,M00147,4,1621675335
U00175,M00069,5,1705334843
U00176,M00108,5,1612315671
U00176,M00074,5,1656520292
U00176,M00155,5,1670308473
U00176,M00032,4,1740493905
U00176,M00085,3,1647956965
U00176,M00058,4,1676030428
U00176,M00037,5,1626290573
U00176,M00145,4,1741019985
U00176,M00157,4,1607023610
U00176,M00083,4,1663095542
U00176,M00193,5,1748087700
U00176,M00078,5,1669580238
U00176,M00095,5,1742208009
U00176,M00186,4,1694359236
U00176,M00056,5,1652407516
U00176,M00052,3,1641788652
U00177,M00027,5,1641329355
U00177,M00152,5,1716709547
U00177,M00104,4,1740954826
U00177,M00154,5,1716985897
U00177,M00185,2,1641056566
U00177,M00139,5,1706252305
U00177,M00199,5,1650215113
U00177,M00127,5,1728153585
U00177,M00168,4,1665896115
U00177,M00178,5,1602276010
U00177,M00164,5,1673459830
U00177,M00162,4,1682803152
U00177,M00117,4,1648566590
U00177,M00079,4,1707130541
U00177,M00141,4,1734236392
U00177,M00021,4,1607424463
U00178,M00133,3,1618302136
U00178,M00024,5,1669492529
U00178,M00100,4,1619849418
U00178,M00142,5,1621876415
U00178,M00031,5,1686275552
U00178,M00079,4,1703914537
U00178,M00184,5,1676873742
U00178,M00137,5,1650156304
U00178,M00173,5,1609757760
U00178,M00019,5,1680409316
U00178,M00097,5,1700508649
U00178,M00052,4,1632139602
U00178,M00012,4,1737508690
U00178,M00013,4,1651774332
U00178,M00120,4,1672191762
U00178,M00198,4,1698432117
U00179,M00012,5,1650979164
U00179,M00020,4,1686964328
U00179,M00097,5,1613471163
U00179,M00002,4,1719689697
U00179,M00013,4,1678362181
U00179,M00104,4,1657227299
U00179,M00175,5,1683118120
U00179,M00177,5,1732559996
U00179,M00051,4,1668679731
U00179,M00160,3,1694951004
U00179,M00199,3,1648893501
U00179,M00061,2,1683616935
U00179,M00162,5,1604239405
U00179,M00173,5,1715409999
U00179,M00038,3,1641452373
U00179,M00045,5,1670364814
U00180,M00170,5,1715336997
U00180,M00010,4,1644013688
U00180,M00030,2,1706465654
U00180,M00006,4,1641615098
U00180,M00163,5,1743167289
U00180,M00136,5,1624008909
U00180,M00124,2,1670877053
U00180,M00114,5,1656057251
U00180,M00181,4,1643095607
U00180,M00190,4,1623514556
U00180,M00007,5,1635265791
U00180,M00075,4,1749480135
U00180,M00169,4,1677094248
U00180,M00123,4,1739468860
U00180,M00067,4,1671076068
U00180,M00087,4,1680304655
U00181,M00045,5,1737855347
U00181,M00060,5,1714263756
U00181,M00017,5,1706160958
U00181,M00180,4,1602646140
U00181,M00038,4,1617864614
U00181,M00092,5,1666811101
U00181,M00157,5,1640530010
U00181,M00185,5,1661329165
U00181,M00145,4,1652501647
U00181,M00005,5,1673481268
U00181,M00124,5,1733389615
U00181,M00146,5,1640017823
U00181,M00058,4,1646958044
U00181,M00179,5,1630669449
U00181,M00186,4,1642865406
U00181,M00181,5,1701083172
U00182,M00012,4,1723346686
U00182,M00142,5,1745163171
U00182,M00071,3,1736219995
U00182,M00019,5,1732466923
U00182,M00100,5,1673326823
U00182,M00115,4,1644023713
U00182,M00156,3,1630216747
U00182,M00094,4,1706734636
U00182,M00024,5,1689632961
U00182,M00002,4,1726644122
U00182,M00135,4,1730674570
U00182,M00121,3,1700480063
U00182,M00143,4,1617808306
U00182,M00097,4,1720829442
U00182,M00170,1,1638713907
U00182,M00104,5,1712426070
U00183,M00062,5,1655101912
U00183,M00192,4,1652451625
U00183,M00159,4,1707873392
U00183,M00171,4,1722940241
U00183,M00166,5,1704457084
U00183,M00065,5,1725769886
U00183,M00075,5,1614430307
U00183,M00057,5,1675999049
U00183,M00138,4,1670235180
U00183,M00107,4,1605586187
U00183,M00041,5,1691624785
U00183,M00011,4,1609251203
U00183,M00093,4,1622433402
U00183,M00048,3,1604781096
U00183,M00061,4,1657494473
U00183,M00070,4,1720000600
U00184,M00080,5,1658519855
U00184,M00176,3,1699715766
U00184,M00015,4,1605265813
U00184,M00101,4,1601017573
U00184,M00048,5,1662840496
U00184,M00172,4,1728709088
U00184,M00112,5,1699729878
U00184,M00003,4,1619032099
U00184,M00039,4,1749732435
U00184,M00001,4,1607879198
U00184,M00091,4,1673925037
U00184,M00199,3,1725358888
U00184,M00170,5,1656308773
U00184,M00152,2,1669011828
U00184,M00075,4,1681087153
U00184,M00040,5,1723503416
U00185,M00018,5,1619768468
U00185,M00053,4,1622981978
U00185,M00154,4,1627636421
U00185,M00139,5,1634216392
U00185,M00021,4,1643411203
U00185,M00027,5,1727490565
U00185,M00035,4,1606300039
U00185,M00149,3,1617772923
U00185,M00164,4,1638507711
U00185,M00195,4,1623971883
U00185,M00168,4,1739321647
U00185,M00144,4,1696410081
U00185,M00026,4,1627740678
U00185,M00049,1,1709768445
U00185,M00178,4,1712975257
U00185,M00152,5,1709423232
U00186,M00137,4,1693816385
U00186,M00075,4,1619685623
U00186,M00002,5,1611895928
U00186,M00100,4,1696615158
U00186,M00024,5,1738110122
U00186,M00068,4,1676135507
U00186,M00111,2,1732067904
U00186,M00143,4,1740300583
U00186,M00170,3,1705601202
U00186,M00080,3,1704509353
U00186,M00079,5,1625160525
U00186,M00059,4,1654179611
U00186,M00138,2,1679889269
U00186,M00019,4,1650835889
U00186,M00104,5,1729783545
U00186,M00162,4,1694939760
U00187,M00162,4,1690199570
U00187,M00002,4,1622714107
U00187,M00194,4,1674710934
U00187,M00051,4,1702220894
U00187,M00137,5,1673555768
U00187,M00019,4,1626252932
U00187,M00173,4,1743422653
U00187,M00174,5,1649866899
U00187,M00143,4,1611441977
U00187,M00104,4,1629477672
U00187,M00124,5,1747558350
U00187,M00101,3,1615926595
U00187,M00196,4,1747675789
U00187,M00186,4,1609969345
U00187,M00097,4,1732202196
U00187,M00131,3,1672948687
U00188,M00061,5,1625996194
U00188,M00193,3,1638939800
U00188,M00042,4,1705836783
U00188,M00154,5,1603646418
U00188,M00065,3,1690908953
U00188,M00199,5,1637217532
U00188,M00152,5,1651510172
U00188,M00021,5,1749198651
U00188,M00033,3,1715999837
U00188,M00001,3,1696441187
U00188,M00027,4,1737261815
U00188,M00161,4,1615450228
U00188,M00184,4,1691486651
U00188,M00178,4,1627690559
U00188,M00164,4,1669936201
U00188,M00053,5,1670379540
U00189,M00183,4,1606787469
U00189,M00067,4,1742238058
U00189,M00086,4,1609311519
U00189,M00193,3,1622980704
U00189,M00120,5,1655505757
U00189,M00165,4,1722280747
U00189,M00181,5,1745292774
U00189,M00093,5,1687568486
U00189,M00063,4,1621366114
U00189,M00163,5,1674966150
U00189,M00059,4,1642945615
U00189,M00194,1,1701638551
U00189,M00123,4,1618131973
U00189,M00122,4,1710632277
U00189,M00013,3,1740713928
U00189,M00081,4,1618988411
U00190,M00128,5,1712585914
U00190,M00065,4,1619252248
U00190,M00029,4,1727561282
U00190,M00071,4,1606837957
U00190,M00101,5,1662400156
U00190,M00018,3,1725341176
U00190,M00187,4,1746256739
U00190,M00062,3,1639249949
U00190,M00046,5,1675618560
U00190,M00116,4,1615891231
U00190,M00083,3,1615125181
U00190,M00115,4,1717825533
U00190,M00094,5,1736434356
U00190,M00050,4,1623387148
U00190,M00188,5,1712151439
U00190,M00008,5,1673310680
U00191,M00012,5,1747767369
U00191,M00082,4,1626188617
U00191,M00100,5,1633454374
U00191,M00175,5,1695899789
U00191,M00013,5,1670841293
U00191,M00008,5,1630160207
U00191,M00024,5,1698624253
U00191,M00136,2,1685605839
U00191,M00142,5,1719387246
U00191,M00106,4,1666100350
U00191,M00143,4,1723593907
U00191,M00137,5,1745495107
U00191,M00052,4,1692687220
U00191,M00154,3,1630227294
U00191,M00003,5,1689973996
U00191,M00158,5,1601711499
U00192,M00021,4,1622772455
U00192,M00144,5,1719190288
U00192,M00168,5,1731642137
U00192,M00139,5,1614665985
U00192,M00198,5,1674068074
U00192,M00054,3,1639868912
U00192,M00027,4,1716834812
U00192,M00152,4,1650006996
U00192,M00191,5,1647308952
U00192,M00087,3,1672464760
U00192,M00154,4,1740598855
U00192,M00026,5,1691505263
U00192,M00161,5,1661847520
U00192,M00128,5,1686841053
U00192,M00199,5,1686348247
U00192,M00111,3,1631241231
U00193,M00031,5,1657875362
U00193,M00188,4,1696209569
U00193,M00067,4,1621443027
U00193,M00071,4,1629759572
U00193,M00025,5,1702256305
U00193,M00125,5,1631396863
U00193,M00179,3,1748859305
U00193,M00046,5,1716047002
U00193,M00087,5,1602763557
U00193,M00008,5,1646852752
U00193,M00081,4,1663201746
U00193,M00043,5,1657550445
U00193,M00003,5,1656259206
U00193,M00101,5,1655671995
U00193,M00061,3,1681548011
U00193,M00156,5,1735532656
U00194,M00069,5,1705476948
U00194,M00070,4,1637394270
U00194,M00171,4,1690301636
U00194,M00132,4,1729243046
U00194,M00190,3,1643171544
U00194,M00041,5,1637326455
U00194,M00147,4,1715214320
U00194,M00050,5,1618616064
U00194,M00083,3,1603900858
U00194,M00073,3,1683431960
U00194,M00134,3,1633930630
U00194,M00085,4,1605397856
U00194,M00072,4,1744394499
U00194,M00057,5,1739390350
U00194,M00098,5,1703907418
U00194,M00062,5,1719201821
U00195,M00191,4,1654256437
U00195,M00164,5,1620813514
U00195,M00020,3,1736954203
U00195,M00069,4,1729282091
U00195,M00097,4,1621641549
U00195,M00021,4,1690725027
U00195,M00199,5,1618746823
U00195,M00184,5,1703175395
U00195,M00178,5,1630342790
U00195,M00057,4,1653831970
U00195,M00133,5,1697699418
U00195,M00027,5,1734444467
U00195,M00026,4,1687594308
U00195,M00159,5,1613504430
U00195,M00154,5,1648688620
U00195,M00138,3,1662403084
U00196,M00067,5,1749380329
U00196,M00122,5,1647026159
U00196,M00086,5,1688182827
U00196,M00069,3,1607551581
U00196,M00165,5,1687349708
U00196,M00087,5,1665851334
U00196,M00185,4,1689509507
U00196,M00183,5,1703893756
U00196,M00120,5,1667397743
U00196,M00163,5,1651391221
U00196,M00076,4,1602214484
U00196,M00093,5,1608724761
U00196,M00096,5,1706359797
U00196,M00123,5,1603439640
U00196,M00137,3,1632203047
U00196,M00092,5,1735790822
U00197,M00045,4,1657199956
U00197,M00193,4,1716727975
U00197,M00027,4,1668200299
U00197,M00188,3,1640537991
U00197,M00184,5,1686602158
U00197,M00133,5,1745011066
U00197,M00053,4,1636298390
U00197,M00088,5,1662056790
U00197,M00167,5,1730846926
U00197,M00026,5,1658865658
U00197,M00154,4,1689144708
U00197,M00035,5,1718100345
U00197,M00021,5,1685868195
U00197,M00044,4,1662364804
U00197,M00161,5,1655059528
U00197,M00139,5,1612452844
U00198,M00158,5,1630873550
U00198,M00191,4,1684552436
U00198,M00046,4,1665540719
U00198,M00144,5,1669476835
U00198,M00199,5,1669258475
U00198,M00042,5,1707893878
U00198,M00139,5,1614125373
U00198,M00152,4,1659243774
U00198,M00127,4,1706854157
U00198,M00176,4,1638734113
U00198,M00156,4,1616192343
U00198,M00154,4,1728095299
U00198,M00198,4,1706038894
U00198,M00027,4,1608639956
U00198,M00053,4,1646944889
U00198,M00133,5,1674193361
U00199,M00199,4,1606324057
U00199,M00139,5,1687728626
U00199,M00179,5,1729757497
U00199,M00094,4,1685479075
U00199,M00174,5,1668667517
U00199,M00154,5,1689588370
U00199,M00155,4,1727645615
U00199,M00040,3,1718882068
U00199,M00017,5,1696530307
U00199,M00004,5,1728527906
U00199,M00185,4,1725614920
U00199,M00108,5,1717108835
U00199,M00133,5,1697248014
U00199,M00074,4,1666407245
U00199,M00194,5,1666919246
U00199,M00049,4,1719974838
U00200,M00132,5,1668666263
U00200,M00096,5,1678592480
U00200,M00160,4,1628530402
U00200,M00093,5,1631908169
U00200,M00103,5,1689725994
U00200,M00038,5,1731129786
U00200,M00177,5,1617075246
U00200,M00114,5,1616742570
U00200,M00044,4,1607346518
U00200,M00121,5,1691077982
U00200,M00120,3,1678007074
U00200,M00015,2,1693392383
U00200,M00085,4,1648608939
U00200,M00181,5,1616872988
U00200,M00193,4,1654376481
U00200,M00022,4,1664126800
U00201,M00078,3,1641851496
U00201,M00128,4,1691704820
U00201,M00131,3,1660475994
U00201,M00158,5,1703849664
U00201,M00003,5,1726702517
U00201,M00102,5,1701920582
U00201,M00187,5,1737101240
U00201,M00188,5,1727469951
U00201,M00071,4,1703210172
U00201,M00121,4,1700232067
U00201,M00083,4,1664213391
U00201,M00031,4,1704761491
U00201,M00082,5,1711710901
U00201,M00045,4,1745571051
U00201,M00001,3,1623507878
U00201,M00094,4,1650905803
U00202,M00027,4,1728947035
U00202,M00037,4,1665340482
U00202,M00186,4,1618489546
U00202,M00060,5,1749474721
U00202,M00163,3,1651295783
U00202,M00180,5,1708413853
U00202,M00185,4,1664123392
U00202,M00032,4,1651282531
U00202,M00096,1,1646997449
U00202,M00133,5,1732939100
U00202,M00021,5,1600861341
U00202,M00127,4,1732299719
U00202,M00124,5,1614126236
U00202,M00194,5,1678721600
U00202,M00095,5,1621794442
U00202,M00155,4,1651993884
U00203,M00011,5,1639460772
U00203,M00092,4,1618883562
U00203,M00062,5,1652475654
U00203,M00185,5,1717982707
U00203,M00037,5,1646886913
U00203,M00074,4,1635111965
U00203,M00180,4,1704565649
U00203,M00108,4,1601114444
U00203,M00060,4,1749611274
U00203,M00138,5,1689913402
U00203,M00124,5,1697137292
U00203,M00179,4,1662015819
U00203,M00095,4,1684959952
U00203,M00056,5,1748434266
U00203,M00174,4,1671919625
U00203,M00104,3,1618732039
U00204,M00176,4,1696596263
U00204,M00102,5,1635136474
U00204,M00192,3,1648952479
U00204,M00016,2,1664938109
U00204,M00115,4,1604825773
U00204,M00125,5,1667565367
U00204,M00128,4,1702781865
U00204,M00159,5,1670458429
U00204,M00156,5,1631790888
U00204,M00138,4,1727923830
U00204,M00158,4,1701531786
U00204,M00116,5,1724603122
U00204,M00082,4,1646720507
U00204,M00008,5,1606126889
U00204,M00111,5,1705752696
U00204,M00071,5,1641778867
U00205,M00097,5,1723053984
U00205,M00153,5,1716792285
U00205,M00068,5,1737748673
U00205,M00024,5,1690068433
U00205,M00106,4,1749351698
U00205,M00026,3,1643413556
U00205,M00012,4,1613042797
U00205,M00162,4,1711173625
U00205,M00104,4,1608026684
U00205,M00100,5,1681695737
U00205,M00133,5,1692074471
U00205,M00040,2,1725928954
U00205,M00059,4,1676703277
U00205,M00084,5,1602843720
U00205,M00173,5,1717399102
U00205,M00002,4,1699844100
U00206,M00107,5,1710435489
U00206,M00091,4,1651072145
U00206,M00061,4,1649067180
U00206,M00187,4,1665632534
U00206,M00073,4,1722613644
U00206,M00115,4,1691821382
U00206,M00094,4,1706752691
U00206,M00040,5,1609054060
U00206,M00160,4,1627952896
U00206,M00075,5,1623785147
U00206,M00148,5,1706876424
U00206,M00112,4,1721630173
U00206,M00189,5,1606860499
U00206,M00046,5,1736929144
U00206,M00014,5,1624380960
U00206,M00010,5,1689154723
U00207,M00124,4,1708059941
U00207,M00179,5,1687806403
U00207,M00157,5,1708087854
U00207,M00185,4,1656317721
U00207,M00096,3,1615625323
U00207,M00032,5,1714848691
U00207,M00092,5,1672466356
U00207,M00139,5,1612746347
U00207,M00180,4,1729571196
U00207,M00194,5,1716867916
U00207,M00058,5,1724924525
U00207,M00154,4,1702125074
U00207,M00145,5,1676848588
U00207,M00126,3,1688284471
U00207,M00155,4,1692092930
U00207,M00159,3,1679549510
U00208,M00159,4,1697650759
U00208,M00076,5,1654663077
U00208,M00066,5,1676789338
U00208,M00171,4,1720351036
U00208,M00197,4,1604932168
U00208,M00030,4,1732610943
U00208,M00138,5,1680285940
U00208,M00011,4,1701267862
U00208,M00057,5,1630683355
U00208,M00116,4,1744106006
U00208,M00114,3,1673992906
U00208,M00165,4,1706063575
U00208,M00036,5,1641594162
U00208,M00136,4,1600039302
U00208,M00109,4,1637610296
U00208,M00069,5,1728682671
U00209,M00109,3,1685489245
U00209,M00134,5,1657006564
U00209,M00044,5,1654637674
U00209,M00121,5,1714817047
U00209,M00085,4,1656313397
U00209,M00119,5,1666126946
U00209,M00088,4,1715416981
U00209,M00167,5,1684773141
U00209,M00160,5,1649205922
U00209,M00002,1,1658238782
U00209,M00114,4,1609788996
U00209,M00007,4,1641433979
U00209,M00165,3,1692368771
U00209,M00123,4,1631438784
U00209,M00038,4,1663559010
U00209,M00018,5,1620649402
U00210,M00001,4,1609174951
U00210,M00170,4,1649860880
U00210,M00148,5,1690301644
U00210,M00150,4,1634959126
U00210,M00105,4,1613604317
U00210,M00098,3,1713406804
U00210,M00091,5,1696520788
U00210,M00075,4,1601621227
U00210,M00040,5,1663026516
U00210,M00020,2,1672918141
U00210,M00121,4,1661062042
U00210,M00039,4,1689535068
U00210,M00033,4,1604629145
U00210,M00189,5,1623098607
U00210,M00048,5,1670938170
U00210,M00015,4,1603772118
U00211,M00019,4,1601321509
U00211,M00091,3,1635244080
U00211,M00004,1,1681099889
U00211,M00012,5,1746503853
U00211,M00110,4,1715946016
U00211,M00137,5,1660506991
U00211,M00100,5,1744222636
U00211,M00143,5,1689403000
U00211,M00061,3,1663456580
U00211,M00051,4,1712452556
U00211,M00079,5,1633090228
U00211,M00162,5,1733944565
U00211,M00033,3,1667924558
U00211,M00095,3,1720998438
U00211,M00024,5,1729213011
U00211,M00106,5,1651615060
U00212,M00183,4,1688170413
U00212,M00081,2,1626698106
U00212,M00073,5,1626726900
U00212,M00148,5,1601308143
U00212,M00048,4,1696818395
U00212,M00010,5,1658748770
U00212,M00014,4,1648306992
U00212,M00160,4,1611318994
U00212,M00015,4,1704049513
U00212,M00075,5,1650790102
U00212,M00039,5,1665325706
U00212,M00033,5,1727241148
U00212,M00189,5,1678453241
U00212,M00061,5,1684644868
U00212,M00088,5,1617299637
U00212,M00167,5,1720341184
U00213,M00078,4,1706765549
U00213,M00111,4,1605720194
U00213,M00110,4,1711568646
U00213,M00080,4,1617008573
U00213,M00017,4,1697755285
U00213,M00077,4,1732787550
U00213,M00112,5,1669652387
U00213,M00105,4,1718631803
U00213,M00145,5,1655075824
U00213,M00189,5,1679998795
U00213,M00091,5,1605095251
U00213,M00157,3,1708486716
U00213,M00073,4,1738585738
U00213,M00075,5,1640941904
U00213,M00062,3,1719843250
U00213,M00001,5,1674654765
U00214,M00050,4,1711561470
U00214,M00044,4,1726907827
U00214,M00088,4,1725702157
U00214,M00011,4,1733994596
U00214,M00045,4,1684360663
U00214,M00121,5,1720347130
U00214,M00116,4,1746680786
U00214,M00022,4,1743382810
U00214,M00159,4,1722913772
U00214,M00038,4,1610501488
U00214,M00119,4,1719231818
U00214,M00197,4,1648923845
U00214,M00085,5,1712731325
U00214,M00195,4,1667371252
U00214,M00166,4,1622557274
U00214,M00018,4,1744685529
U00215,M00125,4,1709903380
U00215,M00156,4,1720138286
U00215,M00046,5,1733783020
U00215,M00176,5,1721252276
U00215,M00083,3,1687233320
U00215,M00094,5,1721124782
U00215,M00101,5,1623045949
U00215,M00111,4,1700373705
U00215,M00146,3,1624061786
U00215,M00103,5,1629813314
U00215,M00071,4,1627930566
U00215,M00115,4,1641774723
U00215,M00155,3,1684921173
U00215,M00031,4,1639131690
U00215,M00119,3,1654748897
U00215,M00025,4,1621914982
U00216,M00164,4,1645568570
U00216,M00010,5,1689688491
U00216,M00183,3,1710470608
U00216,M00107,5,1670157718
U00216,M00033,5,1648821135
U00216,M00039,5,1614282027
U00216,M00040,5,1669650648
U00216,M00075,4,1649039449
U00216,M00026,5,1730579802
U00216,M00133,3,1646569410
U00216,M00110,5,1670842145
U00216,M00148,4,1702415017
U00216,M00015,5,1602919955
U00216,M00144,3,1634775201
U00216,M00112,5,1684460825
U00216,M00189,5,1682624410
U00217,M00183,5,1652997831
U00217,M00122,5,1641342921
U00217,M00190,5,1698523165
U00217,M00120,5,1615865679
U00217,M00114,5,1632270740
U00217,M00006,4,1698300016
U00217,M00179,2,1670466850
U00217,M00007,5,1726262774
U00217,M00040,4,1683174134
U00217,M00139,5,1613330255
U00217,M00087,4,1723434479
U00217,M00112,4,1640160837
U00217,M00061,4,1609365645
U00217,M00093,5,1624720783
U00217,M00163,5,1714677080
U00217,M00096,4,1620871912
U00218,M00102,4,1705040720
U00218,M00187,5,1738640369
U00218,M00029,5,1651631934
U00218,M00115,5,1659389247
U00218,M00071,4,1738544630
U00218,M00101,4,1683266623
U00218,M00156,5,1699024027
U00218,M00128,4,1700248749
U00218,M00180,5,1674217289
U00218,M00043,4,1651910465
U00218,M00160,3,1701069924
U00218,M00158,5,1633742407
U00218,M00082,5,1608125018
U00218,M00031,4,1689588469
U00218,M00157,3,1732146088
U00218,M00005,4,1627027655
U00219,M00159,5,1685620295
U00219,M00147,4,1684318573
U00219,M00061,1,1712605711
U00219,M00041,5,1702519565
U00219,M00148,2,1663854842
U00219,M00011,5,1710857536
U00219,M00050,4,1700957412
U00219,M00030,5,1653018856
U00219,M00086,4,1676397487
U00219,M00069,5,1617922683
U00219,M00166,4,1741606605
U00219,M00036,5,1734293523
U00219,M00093,3,1716322357
U00219,M00163,4,1605242696
U00219,M00183,5,1685318175
U00219,M00197,5,1655231460
U00220,M00173,3,1748664017
U00220,M00161,3,1640496123
U00220,M00165,4,1669227732
U00220,M00093,4,1668555438
U00220,M00120,4,1704136296
U00220,M00163,5,1604437161
U00220,M00087,4,1693759149
U00220,M00183,5,1620576679
U00220,M00122,5,1697123302
U00220,M00136,5,1600424490
U00220,M00002,3,1696461460
U00220,M00162,3,1697507281
U00220,M00123,5,1652405215
U00220,M00104,4,1641739536
U00220,M00107,4,1749963990
U00220,M00181,4,1740465092
U00221,M00162,4,1671705121
U00221,M00104,4,1727068488
U00221,M00062,3,1638579486
U00221,M00013,5,1717701673
U00221,M00132,3,1713250154
U00221,M00150,5,1692731668
U00221,M00079,5,1723020766
U00221,M00175,5,1680208545
U00221,M00051,5,1633865276
U00221,M00121,5,1679532177
U00221,M00088,3,1662441335
U00221,M00059,5,1719896226
U00221,M00097,5,1645109406
U00221,M00130,3,1636514798
U00221,M00135,5,1721922073
U00221,M00012,5,1609433439
U00222,M00094,5,1744840152
U00222,M00169,4,1690657808
U00222,M00119,1,1616403094
U00222,M00082,5,1724104377
U00222,M00188,5,1609902616
U00222,M00165,3,1619914432
U00222,M00004,5,1641359646
U00222,M00190,5,1624914413
U00222,M00046,5,1738868948
U00222,M00187,4,1637992033
U00222,M00003,4,1680884451
U00222,M00158,5,1744413595
U00222,M00156,4,1744489602
U00222,M00025,5,1695226259
U00222,M00043,5,1683189569
U00222,M00029,5,1734229794
U00223,M00007,5,1690540099
U00223,M00081,5,1632297550
U00223,M00114,4,1749921642
U00223,M00060,4,1658693366
U00223,M00149,4,1717716725
U00223,M00169,4,1741198860
U00223,M00192,3,1722334842
U00223,M00180,3,1703022548
U00223,M00136,5,1614600605
U00223,M00123,5,1600732515
U00223,M00095,4,1684824875
U00223,M00096,5,1734880788
U00223,M00122,5,1710476759
U00223,M00190,5,1610993505
U00223,M00067,4,1603281239
U00223,M00093,5,1698282639
U00224,M00065,5,1628698716
U00224,M00011,5,1702850030
U00224,M00109,4,1652414855
U00224,M00159,5,1736624493
U00224,M00069,5,1659999007
U00224,M00156,4,1639619360
U00224,M00186,3,1732235350
U00224,M00197,5,1737450999
U00224,M00138,4,1698038705
U00224,M00115,4,1677107042
U00224,M00071,4,1607459312
U00224,M00028,5,1653532569
U00224,M00192,5,1634830329
U00224,M00116,4,1699721732
U00224,M00057,5,1711875612
U00224,M00062,5,1743197701
U00225,M00164,5,1608873868
U00225,M00147,4,1730834715
U00225,M00116,5,1622966192
U00225,M00159,4,1665027968
U00225,M00188,3,1699034229
U00225,M00184,5,1693134535
U00225,M00065,5,1740978480
U00225,M00030,4,1702774651
U00225,M00138,5,1695352438
U00225,M00026,3,1730148469
U00225,M00139,4,1735253545
U00225,M00041,5,1640793255
U00225,M00166,4,1622899936
U00225,M00192,5,1601654443
U00225,M00064,5,1637644706
U00225,M00197,4,1637394247
U00226,M00143,4,1729242540
U00226,M00060,3,1609671791
U00226,M00013,4,1707920138
U00226,M00011,3,1745154789
U00226,M00050,4,1694512436
U00226,M00135,5,1740891384
U00226,M00059,5,1651192281
U00226,M00100,4,1704749108
U00226,M00116,4,1740553072
U00226,M00104,4,1612542453
U00226,M00024,5,1722693125
U00226,M00106,4,1718268492
U00226,M00090,4,1722478286
U00226,M00162,4,1707134908
U00226,M00148,3,1690371448
U00226,M00084,4,1707757287
U00227,M00189,5,1747174022
U00227,M00001,5,1744082806
U00227,M00149,5,1677563413
U00227,M00105,4,1715049418
U00227,M00200,5,1628732100
U00227,M00091,4,1705250162
U00227,M00112,5,1652115748
U00227,M00181,3,1633853379
U00227,M00061,4,1724496037
U00227,M00081,3,1684037687
U00227,M00087,4,1606069461
U00227,M00033,5,1626335886
U00227,M00076,4,1614789638
U00227,M00101,3,1611116959
U00227,M00172,4,1699560512
U00227,M00057,2,1609437354
U00228,M00192,5,1644381970
U00228,M00028,4,1726363846
U00228,M00039,4,1628205955
U00228,M00040,5,1730193151
U00228,M00144,3,1732544627
U00228,M00080,4,1707398145
U00228,M00011,4,1668224110
U00228,M00072,4,1650692262
U00228,M00147,5,1706584506
U00228,M00116,5,1625891945
U00228,M00109,5,1654330344
U00228,M00050,4,1654865802
U00228,M00062,5,1728293282
U00228,M00048,4,1707877643
U00228,M00055,4,1629892351
U00228,M00029,2,1704560697
U00229,M00175,4,1623353001
U00229,M00190,3,1641329182
U00229,M00104,5,1624721297
U00229,M00013,5,1717137261
U00229,M00169,4,1648552209
U00229,M00162,4,1689733068
U00229,M00002,4,1644546357
U00229,M00154,4,1646230420
U00229,M00024,5,1679839564
U00229,M00093,4,1695290479
U00229,M00068,5,1710538547
U00229,M00106,4,1668951048
U00229,M00139,4,1600226583
U00229,M00007,5,1720810431
U00229,M00143,4,1699811067
U00229,M00173,5,1685883029
U00230,M00183,5,1723457017
U00230,M00121,3,1697497531
U00230,M00007,5,1733229579
U00230,M00122,4,1685424374
U00230,M00177,5,1746751210
U00230,M00016,3,1667157138
U00230,M00114,4,1698694540
U00230,M00169,4,1626395906
U00230,M00066,5,1622319312
U00230,M00103,5,1620563718
U00230,M00061,5,1607569142
U00230,M00163,5,1655477855
U00230,M00181,5,1646376895
U00230,M00045,5,1709063123
U00230,M00067,5,1701404812
U00230,M00096,5,1648689673
U00231,M00185,3,1621789328
U00231,M00193,5,1691054474
U00231,M00048,5,1734784098
U00231,M00091,4,1711856578
U00231,M00172,4,1645021734
U00231,M00080,4,1635390255
U00231,M00033,5,1680245309
U00231,M00157,4,1601387339
U00231,M00107,4,1632994689
U00231,M00017,5,1664918993
U00231,M00061,5,1626325077
U00231,M00174,3,1655545437
U00231,M00189,5,1698971382
U00231,M00039,5,1641441309
U00231,M00015,5,1680007474
U00231,M00105,5,1660648490
U00232,M00002,5,1685196514
U00232,M00104,5,1606707786
U00232,M00074,4,1681175822
U00232,M00067,3,1714526573
U00232,M00177,2,1618296081
U00232,M00135,5,1713979476
U00232,M00019,5,1674573871
U00232,M00024,5,1679412115
U00232,M00173,5,1647688861
U00232,M00153,4,1662431105
U00232,M00079,5,1748002485
U00232,M00013,5,1699388835
U00232,M00051,5,1672213112
U00232,M00017,3,1720900571
U00232,M00068,4,1648917009
U00232,M00097,4,1614620520
U00233,M00010,4,1717338439
U00233,M00091,5,1720250435
U00233,M00033,5,1676882399
U00233,M00048,5,1671822267
U00233,M00148,4,1707045094
U00233,M00170,5,1721639202
U00233,M00015,5,1632722172
U00233,M00164,5,1655952262
U00233,M00061,5,1742046980
U00233,M00151,4,1675419444
U00233,M00056,4,1606886052
U00233,M00075,4,1616427996
U00233,M00095,5,1671719980
U00233,M00073,5,1719038526
U00233,M00157,4,1654434169
U00233,M00152,2,1726215920
U00234,M00144,5,1624210793
U00234,M00184,5,1731853428
U00234,M00064,5,1632892292
U00234,M00027,4,1693330414
U00234,M00164,5,1745414168
U00234,M00154,4,1705773884
U00234,M00042,4,1693456555
U00234,M00112,5,1602154781
U00234,M00199,4,1676177008
U00234,M00015,5,1683777979
U00234,M00033,3,1701780793
U00234,M00018,3,1725453380
U00234,M00168,4,1735258368
U00234,M00152,5,1689564620
U00234,M00010,5,1708190948
U00234,M00073,3,1611991984
U00235,M00053,5,1749728893
U00235,M00152,5,1710625954
U00235,M00180,4,1731986852
U00235,M00199,5,1704480892
U00235,M00164,5,1672321415
U00235,M00021,4,1699542552
U00235,M00141,5,1699716341
U00235,M00074,4,1639323925
U00235,M00044,2,1648796408
U00235,M00154,4,1603453375
U00235,M00178,4,1648909809
U00235,M00042,4,1602983875
U00235,M00184,5,1660040924
U00235,M00062,4,1656158986
U00235,M00026,4,1739295011
U00235,M00139,5,1654317516
U00236,M00014,4,1656723669
U00236,M00112,5,1653385263
U00236,M00061,4,1729527428
U00236,M00070,5,1719365370
U00236,M00073,4,1668909142
U00236,M00156,4,1676501512
U00236,M00116,3,1701644588
U00236,M00138,4,1719385922
U00236,M00010,4,1711472373
U00236,M00050,4,1730234437
U00236,M00110,4,1688770635
U00236,M00189,5,1719417143
U00236,M00033,4,1656737488
U00236,M00091,4,1652513517
U00236,M00105,5,1650557106
U00236,M00080,5,1683375885
U00237,M00181,4,1684987471
U00237,M00120,4,1677365057
U00237,M00067,5,1690661469
U00237,M00136,4,1625422098
U00237,M00063,5,1678861469
U00237,M00095,4,1734150601
U00237,M00140,4,1684993238
U00237,M00076,5,1605713426
U00237,M00133,5,1613224215
U00237,M00190,5,1619053114
U00237,M00176,4,1685879027
U00237,M00081,5,1622278060
U00237,M00114,5,1659034778
U00237,M00122,4,1747391331
U00237,M00093,5,1734366124
U00237,M00158,4,1691399892
U00238,M00038,5,1654040303
U00238,M00122,4,1736262408
U00238,M00067,4,1706879893
U00238,M00123,4,1697717228
U00238,M00169,5,1675644161
U00238,M00081,5,1619635155
U00238,M00088,5,1676292725
U00238,M00121,4,1697150264
U00238,M00085,5,1651800097
U00238,M00129,4,1616173770
U00238,M00165,4,1660427501
U00238,M00087,5,1739192039
U00238,M00183,4,1722132749
U00238,M00093,4,1658868525
U00238,M00118,4,1615616156
U00238,M00136,4,1606385953
U00239,M00190,4,1653604794
U00239,M00044,4,1622039623
U00239,M00163,5,1715272972
U00239,M00022,4,1740190637
U00239,M00134,4,1676619824
U00239,M00045,5,1601605001
U00239,M00177,4,1640185560
U00239,M00167,4,1748968611
U00239,M00038,5,1636469597
U00239,M00103,4,1669378931
U00239,M00018,4,1609171632
U00239,M00132,5,1715260079
U00239,M00096,4,1608375615
U00239,M00085,4,1640142613
U00239,M00137,1,1648567414
U00239,M00160,4,1616988637
U00240,M00041,4,1646846363
U00240,M00121,5,1612438332
U00240,M00018,4,1709973772
U00240,M00088,4,1685933576
U00240,M00158,4,1601892635
U00240,M00160,4,1748797320
U00240,M00044,5,1606167144
U00240,M00188,5,1701704656
U00240,M00119,5,1742467435
U00240,M00047,4,1623100437
U00240,M00167,5,1680837458
U00240,M00131,4,1673083176
U00240,M00038,5,1689237609
U00240,M00195,5,1685098538
U00240,M00033,3,1720520409
U00240,M00071,5,1647752867
U00241,M00116,4,1667999143
U00241,M00100,5,1713034447
U00241,M00107,4,1701432584
U00241,M00033,5,1621783600
U00241,M00197,4,1749996239
U00241,M00075,4,1719282839
U00241,M00011,3,1732514724
U00241,M00166,4,1729650683
U00241,M00001,4,1676503268
U00241,M00110,5,1621906636
U00241,M00158,3,1643174593
U00241,M00073,4,1683579493
U00241,M00061,5,1724215263
U00241,M00105,5,1667332004
U00241,M00040,4,1610741700
U00241,M00015,5,1721292927
U00242,M00139,3,1712153233
U00242,M00102,4,1675543294
U00242,M00184,4,1665585282
U00242,M00079,5,1631149372
U00242,M00138,1,1709915902
U00242,M00002,4,1627636523
U00242,M00097,5,1606437788
U00242,M00137,5,1701575624
U00242,M00175,4,1652172404
U00242,M00051,5,1696901270
U00242,M00130,5,1717221982
U00242,M00142,5,1649558067
U00242,M00068,4,1685381866
U00242,M00019,5,1612757833
U00242,M00052,4,1728987537
U00242,M00162,4,1741703720
U00243,M00105,3,1633513638
U00243,M00097,4,1638727277
U00243,M00167,4,1678818357
U00243,M00104,5,1691052970
U00243,M00022,5,1738213608
U00243,M00045,4,1607973758
U00243,M00038,4,1725796301
U00243,M00018,5,1625861227
U00243,M00121,4,1682301038
U00243,M00085,5,1668216590
U00243,M00193,4,1616038472
U00243,M00068,4,1630397169
U00243,M00160,4,1692113706
U00243,M00134,5,1676609287
U00243,M00185,3,1636725186
U00243,M00177,4,1733026174
U00244,M00019,4,1690853526
U00244,M00051,5,1722950813
U00244,M00162,4,1705598391
U00244,M00002,4,1612297830
U00244,M00050,4,1606546619
U00244,M00137,5,1722015137
U00244,M00109,5,1600958331
U00244,M00135,4,1749164066
U00244,M00173,5,1721223180
U00244,M00106,5,1651376832
U00244,M00138,4,1675607627
U00244,M00142,5,1660917603
U00244,M00024,5,1710909451
U00244,M00082,1,1634269409
U00244,M00013,5,1642347326
U00244,M00100,5,1631321902
U00245,M00105,5,1667463699
U00245,M00015,5,1729740125
U00245,M00033,5,1720125540
U00245,M00151,4,1629740776
U00245,M00170,5,1600556840
U00245,M00199,4,1617507230
U00245,M00048,4,1631876845
U00245,M00080,5,1744783169
U00245,M00104,5,1602937414
U00245,M00106,4,1615622041
U00245,M00100,4,1726564739
U00245,M00039,4,1640679105
U00245,M00091,4,1681713879
U00245,M00001,5,1632951794
U00245,M00059,3,1649240431
U00245,M00040,5,1724401637
U00246,M00034,5,1719088360
U00246,M00171,4,1744127633
U00246,M00102,5,1735032369
U00246,M00024,5,1649671735
U00246,M00111,4,1720438339
U00246,M00157,4,1711128353
U00246,M00031,5,1711763273
U00246,M00156,4,1695968887
U00246,M00046,4,1684744877
U00246,M00029,5,1730970816
U00246,M00094,4,1720289334
U00246,M00197,5,1651093539
U00246,M00101,5,1714531789
U00246,M00011,4,1604578835
U00246,M00082,5,1643215062
U00246,M00158,4,1688151531
U00247,M00003,4,1720173486
U00247,M00188,5,1643282742
U00247,M00109,4,1706362875
U00247,M00055,3,1649214136
U00247,M00156,5,1702383007
U00247,M00011,4,1609089136
U00247,M00101,5,1723659355
U00247,M00029,5,1614559007
U00247,M00071,4,1745172462
U00247,M00102,4,1743432096
U00247,M00094,5,1735012240
U00247,M00037,2,1681798673
U00247,M00115,4,1630819744
U00247,M00038,2,1717193913
U00247,M00069,4,1644322545
U00247,M00025,5,1715163013
U00248,M00092,5,1675203419
U00248,M00124,4,1725077468
U00248,M00192,4,1723958406
U00248,M00185,4,1693236525
U00248,M00074,5,1700195152
U00248,M00113,5,1660498700
U00248,M00157,5,1600478504
U00248,M00050,3,1713296012
U00248,M00193,2,1744445932
U00248,M00049,5,1621937877
U00248,M00060,5,1702222375
U00248,M00088,3,1628358072
U00248,M00145,4,1742054299
U00248,M00037,4,1693830690
U00248,M00159,4,1652250967
U00248,M00030,3,1679567742
U00249,M00094,4,1610495862
U00249,M00079,4,1684781627
U00249,M00059,5,1707367212
U00249,M00101,3,1683555833
U00249,M00029,3,1651179202
U00249,M00019,5,1614991865
U00249,M00013,5,1621269878
U00249,M00051,5,1698265317
U00249,M00100,4,1733914291
U00249,M00038,3,1610493292
U00249,M00173,5,1675104139
U00249,M00121,4,1619013815
U00249,M00115,4,1605283635
U00249,M00142,4,1656864902
U00249,M00104,4,1690788113
U00249,M00135,5,1608218219
U00250,M00177,4,1711761809
U00250,M00160,4,1688685264
U00250,M00164,5,1620386875
U00250,M00167,4,1717022653
U00250,M00038,4,1633473707
U00250,M00146,5,1665448603
U00250,M00133,4,1720812541
U00250,M00103,4,1706491392
U00250,M00195,5,1687924368
U00250,M00029,3,1627451146
U00250,M00184,4,1739283409
U00250,M00088,4,1629091057
U00250,M00018,5,1733952174
U00250,M00199,4,1668896534
U00250,M00044,4,1639322667
U00250,M00045,5,1641919911
U00251,M00175,5,1632241774
U00251,M00142,5,1600941499
U00251,M00189,3,1604825904
U00251,M00019,4,1716732802
U00251,M00079,5,1670154070
U00251,M00100,4,1748588910
U00251,M00059,5,1747194467
U00251,M00061,3,1613261434
U00251,M00153,4,1708528134
U00251,M00024,5,1722713226
U00251,M00101,3,1668096192
U00251,M00124,5,1682999582
U00251,M00097,5,1710690925
U00251,M00172,4,1644389510
U00251,M00084,4,1637928676
U00251,M00173,5,1674832562
U00252,M00181,5,1664584981
U00252,M00043,4,1606887557
U00252,M00061,5,1654927114
U00252,M00081,3,1618764339
U00252,M00031,5,1714248859
U00252,M00094,5,1693042919
U00252,M00082,5,1663920785
U00252,M00122,3,1672946232
U00252,M00071,4,1749928983
U00252,M00029,5,1617554733
U00252,M00111,5,1631865725
U00252,M00046,5,1731496135
U00252,M00003,5,1725068669
U00252,M00156,5,1637784644
U00252,M00086,4,1635410068
U00252,M00187,4,1691025773
U00253,M00036,5,1601329279
U00253,M00147,5,1744145603
U00253,M00164,4,1689808851
U00253,M00138,4,1608334255
U00253,M00074,4,1702742129
U00253,M00192,5,1707930922
U00253,M00133,4,1735857487
U00253,M00070,5,1627138633
U00253,M00065,4,1615227877
U00253,M00062,4,1693323842
U00253,M00116,4,1739071636
U00253,M00072,5,1689004145
U00253,M00144,4,1664960854
U00253,M00050,5,1600418633
U00253,M00185,3,1637351614
U00253,M00166,5,1697063264
U00254,M00009,4,1719652729
U00254,M00171,4,1674140059
U00254,M00057,5,1693515225
U00254,M00041,5,1658631317
U00254,M00147,5,1634167564
U00254,M00073,3,1619421897
U00254,M00062,4,1633913574
U00254,M00197,4,1607737069
U00254,M00050,4,1680388760
U00254,M00076,4,1681815484
U00254,M00065,5,1665567787
U00254,M00070,4,1644727062
U00254,M00048,5,1700570750
U00254,M00075,5,1662332058
U00254,M00192,5,1691329023
U00254,M00138,5,1655127115
U00255,M00157,4,1675825765
U00255,M00092,5,1620507792
U00255,M00074,5,1716356951
U00255,M00060,5,1654058431
U00255,M00017,4,1736737794
U00255,M00124,4,1692399404
U00255,M00179,5,1617753430
U00255,M00119,4,1607370785
U00255,M00188,3,1668552511
U00255,M00145,4,1733839230
U00255,M00180,4,1661490726
U00255,M00156,4,1697592972
U00255,M00057,4,1689842430
U00255,M00187,3,1724858141
U00255,M00186,5,1727125477
U00255,M00102,4,1626386685
U00256,M00012,5,1668891435
U00256,M00162,5,1639457294
U00256,M00027,5,1654094676
U00256,M00100,5,1667884376
U00256,M00070,4,1729589796
U00256,M00104,5,1712569259
U00256,M00084,5,1733853123
U00256,M00024,5,1690755057
U00256,M00020,5,1703049664
U00256,M00050,3,1643454562
U00256,M00197,5,1633818611
U00256,M00142,4,1716846282
U00256,M00097,5,1655673655
U00256,M00005,3,1672406316
U00256,M00106,4,1677518817
U00256,M00002,4,1618949699
U00257,M00080,5,1645493456
U00257,M00112,5,1665510123
U00257,M00081,4,1647761166
U00257,M00015,5,1627745342
U00257,M00065,4,1638639944
U00257,M00163,5,1727383428
U00257,M00105,5,1743266622
U00257,M00147,1,1621360621
U00257,M00075,4,1745488245
U00257,M00066,4,1674260478
U00257,M00110,5,1633261007
U00257,M00033,5,1708366521
U00257,M00091,4,1711077264
U00257,M00093,5,1717859149
U00257,M00001,4,1716042287
U00257,M00170,4,1687065280
U00258,M00038,4,1746074355
U00258,M00165,1,1615112054
U00258,M00021,4,1603059180
U00258,M00154,4,1634165676
U00258,M00053,4,1604636209
U00258,M00184,5,1687726626
U00258,M00186,2,1630732414
U00258,M00130,5,1620181500
U00258,M00199,5,1731242355
U00258,M00085,4,1746749448
U00258,M00127,5,1700776837
U00258,M00164,4,1688212994
U00258,M00119,4,1607745641
U00258,M00139,4,1628718709
U00258,M00121,3,1707772709
U00258,M00191,4,1605223499
U00259,M00150,4,1701944568
U00259,M00059,5,1622466368
U00259,M00038,4,1621560636
U00259,M00104,2,1662587122
U00259,M00045,4,1643598718
U00259,M00103,4,1626512390
U00259,M00183,3,1661374282
U00259,M00044,5,1716600745
U00259,M00087,4,1652337012
U00259,M00146,4,1723595641
U00259,M00121,5,1654839694
U00259,M00088,4,1672781267
U00259,M00067,5,1616064167
U00259,M00018,5,1650978902
U00259,M00114,5,1646526181
U00259,M00089,4,1640188481
U00260,M00024,5,1656303029
U00260,M00106,4,1673051609
U00260,M00097,5,1736384139
U00260,M00071,3,1628718256
U00260,M00019,5,1701962051
U00260,M00175,5,1640390441
U00260,M00135,4,1617612494
U00260,M00104,4,1669232248
U00260,M00100,4,1736100601
U00260,M00152,3,1647815867
U00260,M00085,2,1636066933
U00260,M00052,4,1655308229
U00260,M00079,5,1690410943
U00260,M00184,3,1663645092
U00260,M00153,4,1689090287
U00260,M00021,4,1697697949
U00261,M00054,4,1681233229
U00261,M00034,4,1708340205
U00261,M00045,3,1730069925
U00261,M00040,4,1615281459
U00261,M00188,5,1653688447
U00261,M00182,5,1693702486
U00261,M00172,3,1686243810
U00261,M00115,5,1702976560
U00261,M00094,4,1624974962
U00261,M00112,3,1737600730
U00261,M00101,5,1657675114
U00261,M00111,4,1707224658
U00261,M00187,5,1740562047
U00261,M00003,5,1653579121
U00261,M00019,3,1676437680
U00261,M00029,5,1656585993
U00262,M00100,3,1676671736
U00262,M00167,4,1711598742
U00262,M00146,5,1740260191
U00262,M00160,5,1667509446
U00262,M00053,5,1601231088
U00262,M00038,5,1652404785
U00262,M00088,4,1725868688
U00262,M00162,2,1684434734
U00262,M00044,4,1678680071
U00262,M00195,4,1734311720
U00262,M00103,5,1649260305
U00262,M00164,3,1689095772
U00262,M00193,5,1696190719
U00262,M00085,5,1645907335
U00262,M00121,5,1654318224
U00262,M00018,5,1621330747
U00263,M00107,5,1708643812
U00263,M00040,5,1711429204
U00263,M00200,5,1602245113
U00263,M00075,4,1696204332
U00263,M00085,5,1698081465
U00263,M00119,5,1625437268
U00263,M00010,4,1650386878
U00263,M00073,5,1602449037
U00263,M00189,5,1727353502
U00263,M00015,4,1634111090
U00263,M00033,5,1661628089
U00263,M00038,4,1636499390
U00263,M00039,5,1600947736
U00263,M00091,4,1694133202
U00263,M00172,5,1699138318
U00263,M00027,4,1673120025
U00264,M00054,4,1651285850
U00264,M00187,5,1601423723
U00264,M00015,3,1643620515
U00264,M00156,4,1721781576
U00264,M00101,5,1631868429
U00264,M00115,5,1602292541
U00264,M00034,4,1617766441
U00264,M00050,4,1649728078
U00264,M00014,4,1627513847
U00264,M00055,4,1664467574
U00264,M00025,4,1616961503
U00264,M00188,5,1721378657
U00264,M00111,5,1713260183
U00264,M00008,4,1708031181
U00264,M00057,5,1610850389
U00264,M00094,4,1618033224
U00265,M00101,4,1602582833
U00265,M00129,5,1701761559
U00265,M00118,4,1634845450
U00265,M00122,4,1746934733
U00265,M00116,3,1641987284
U00265,M00107,4,1710868371
U00265,M00181,5,1670740033
U00265,M00169,5,1706649226
U00265,M00123,5,1662755507
U00265,M00007,5,1734550174
U00265,M00067,4,1741779289
U00265,M00076,4,1700169074
U00265,M00120,5,1664318788
U00265,M00163,4,1660722730
U00265,M00087,5,1733574366
U00265,M00176,4,1674548138
U00266,M00173,4,1696484270
U00266,M00138,2,1638986058
U00266,M00186,5,1682276495
U00266,M00162,4,1744149179
U00266,M00124,5,1664024717
U00266,M00078,4,1611012877
U00266,M00056,5,1732555397
U00266,M00037,5,1670994043
U00266,M00013,4,1671317590
U00266,M00002,4,1739029728
U00266,M00041,3,1681726054
U00266,M00179,4,1742729828
U00266,M00032,4,1644358512
U00266,M00049,4,1602137726
U00266,M00095,5,1695129044
U00266,M00174,4,1726535695
U00267,M00016,4,1688200589
U00267,M00008,5,1745149897
U00267,M00031,5,1664999934
U00267,M00167,5,1684449885
U00267,M00188,5,1720715779
U00267,M00187,4,1686866823
U00267,M00082,4,1708663272
U00267,M00003,5,1650285552
U00267,M00071,5,1607946862
U00267,M00046,5,1736715452
U00267,M00176,4,1662879736
U00267,M00111,4,1610044456
U00267,M00170,3,1645277440
U00267,M00115,5,1601741081
U00267,M00119,3,1618225103
U00267,M00125,5,1705419773
U00268,M00100,5,1734172661
U00268,M00052,5,1748445572
U00268,M00142,5,1712226483
U00268,M00013,4,1637754951
U00268,M00104,5,1602726010
U00268,M00106,4,1632738013
U00268,M00020,5,1612704556
U00268,M00084,5,1719132570
U00268,M00114,3,1634308829
U00268,M00175,5,1654683865
U00268,M00007,3,1746296031
U00268,M00153,5,1665096473
U00268,M00079,4,1665528854
U00268,M00087,3,1735938900
U00268,M00124,2,1652773395
U00268,M00002,5,1629315393
U00269,M00110,5,1745558403
U00269,M00186,3,1720570856
U00269,M00041,3,1679241302
U00269,M00082,3,1709414439
U00269,M00107,4,1621734948
U00269,M00091,4,1631218025
U00269,M00048,4,1730069644
U00269,M00149,5,1651974202
U00269,M00192,4,1662550039
U00269,M00040,4,1614174572
U00269,M00070,5,1600002885
U00269,M00159,4,1604084989
U00269,M00015,4,1610696040
U00269,M00039,5,1731879611
U00269,M00148,5,1649075555
U00269,M00073,5,1690425274
U00270,M00139,4,1650817400
U00270,M00141,5,1688462189
U00270,M00053,5,1645533215
U00270,M00073,4,1666084654
U00270,M00026,5,1642988365
U00270,M00042,5,1605743921
U00270,M00044,3,1642517199
U00270,M00154,5,1735332580
U00270,M00033,4,1605819044
U00270,M00164,4,1703366509
U00270,M00080,4,1690987975
U00270,M00021,4,1686574221
U00270,M00176,3,1647648832
U00270,M00152,5,1620344632
U00270,M00161,5,1670353910
U00270,M00040,4,1684862521
U00271,M00143,4,1662243505
U00271,M00105,4,1710962622
U00271,M00009,4,1609682200
U00271,M00059,5,1730642735
U00271,M00138,4,1669959001
U00271,M00065,4,1618051343
U00271,M00011,5,1682287275
U00271,M00020,3,1653236033
U00271,M00070,4,1701654044
U00271,M00147,5,1737685190
U00271,M00056,3,1644237232
U00271,M00100,4,1639307776
U00271,M00057,4,1747557544
U00271,M00116,4,1616601850
U00271,M00192,4,1725443527
U00271,M00036,4,1694941524
U00272,M00159,4,1726344108
U00272,M00057,5,1676175250
U00272,M00125,5,1745389122
U00272,M00182,4,1639912381
U00272,M00008,5,1647065030
U00272,M00181,4,1634651069
U00272,M00158,4,1722418025
U00272,M00176,4,1713273755
U00272,M00156,5,1721733117
U00272,M00128,4,1684636523
U00272,M00187,5,1652488061
U00272,M00043,5,1731887203
U00272,M00036,4,1604042245
U00272,M00101,5,1740614296
U00272,M00046,4,1616841936
U00272,M00111,5,1620585778
U00273,M00021,4,1742319569
U00273,M00184,5,1661227496
U00273,M00139,5,1695192308
U00273,M00005,4,1726028639
U00273,M00042,5,1633625338
U00273,M00130,4,1689860679
U00273,M00198,4,1613970480
U00273,M00067,3,1664663297
U00273,M00199,4,1664394392
U00273,M00190,4,1698748984
U00273,M00087,4,1648228764
U00273,M00144,5,1684178844
U00273,M00163,4,1634121402
U00273,M00168,5,1730208253
U00273,M00178,4,1682237687
U00273,M00133,5,1728906897
U00274,M00157,4,1646754465
U00274,M00185,4,1696174702
U00274,M00005,5,1723160739
U00274,M00046,4,1607732095
U00274,M00011,2,1665341871
U00274,M00095,5,1731705133
U00274,M00049,4,1703620807
U00274,M00017,4,1637095939
U00274,M00029,4,1612641200
U00274,M00056,5,1655119609
U00274,M00174,4,1603904103
U00274,M00004,4,1736929152
U00274,M00179,4,1611983098
U00274,M00124,5,1749452683
U00274,M00116,3,1708913932
U00274,M00074,5,1686979317
U00275,M00115,4,1742623970
U00275,M00137,5,1668071526
U00275,M00079,5,1665361112
U00275,M00104,4,1744487381
U00275,M00135,5,1639427943
U00275,M00173,4,1717054538
U00275,M00097,5,1612239137
U00275,M00002,5,1662645744
U00275,M00019,5,1734080977
U00275,M00194,4,1702656922
U00275,M00013,4,1645533714
U00275,M00004,4,1670641094
U00275,M00084,5,1619653877
U00275,M00106,5,1661790498
U00275,M00020,4,1603426845
U00275,M00160,3,1704404703
U00276,M00158,4,1604375864
U00276,M00043,4,1738172478
U00276,M00124,3,1639498018
U00276,M00182,4,1636456106
U00276,M00034,5,1742191631
U00276,M00111,5,1662193386
U00276,M00167,5,1608158797
U00276,M00029,5,1685383197
U00276,M00101,5,1739326252
U00276,M00187,5,1614237579
U00276,M00099,5,1641883539
U00276,M00176,4,1610904023
U00276,M00103,5,1663380528
U00276,M00071,5,1636450293
U00276,M00046,5,1613971072
U00276,M00188,4,1645073665
U00277,M00167,4,1742008812
U00277,M00083,5,1662998224
U00277,M00024,4,1717145160
U00277,M00020,4,1637618749
U00277,M00019,4,1701518044
U00277,M00195,3,1744852271
U00277,M00106,5,1720690320
U00277,M00096,2,1690603249
U00277,M00002,5,1706168450
U00277,M00196,5,1664385847
U00277,M00153,5,1639915722
U00277,M00097,5,1612442130
U00277,M00137,5,1708761707
U00277,M00162,5,1652285834
U00277,M00088,4,1717350620
U00277,M00013,4,1655053926
U00278,M00007,4,1734511837
U00278,M00067,4,1629753001
U00278,M00165,4,1651651689
U00278,M00006,4,1734900742
U00278,M00189,3,1647572209
U00278,M00152,3,1666177113
U00278,M00122,4,1749881717
U00278,M00181,4,1738223031
U00278,M00063,5,1685422690
U00278,M00114,5,1637325880
U00278,M00120,5,1723242685
U00278,M00081,5,1662159950
U00278,M00183,4,1684291574
U00278,M00199,5,1742870822
U00278,M00163,4,1628517922
U00278,M00034,2,1674800382
U00279,M00045,4,1603013803
U00279,M00018,4,1661928215
U00279,M00150,5,1629904574
U00279,M00038,4,1655657385
U00279,M00016,4,1616971832
U00279,M00110,5,1741027768
U00279,M00167,5,1672140152
U00279,M00174,2,1694196574
U00279,M00112,5,1646532591
U00279,M00088,4,1709707987
U00279,M00160,4,1743364447
U00279,M00143,5,1646721687
U00279,M00195,4,1728907159
U00279,M00033,3,1709011691
U00279,M00083,5,1666944151
U00279,M00089,5,1688024234
U00280,M00079,4,1697747867
U00280,M00100,5,1724187099
U00280,M00051,5,1648283036
U00280,M00144,3,1645424554
U00280,M00132,4,1667234625
U00280,M00002,4,1647685403
U00280,M00104,4,1685855097
U00280,M00137,5,1652948884
U00280,M00084,4,1647765918
U00280,M00097,5,1681878189
U00280,M00173,4,1670566058
U00280,M00143,5,1743567038
U00280,M00145,4,1744006222
U00280,M00013,5,1695953610
U00280,M00049,4,1644334097
U00280,M00004,4,1618143831
U00281,M00078,5,1610257526
U00281,M00192,4,1644414157
U00281,M00185,4,1675684594
U00281,M00056,4,1652335890
U00281,M00113,5,1725852378
U00281,M00031,3,1711467357
U00281,M00002,2,1657030763
U00281,M00092,5,1698424247
U00281,M00037,4,1614459142
U00281,M00145,4,1727291165
U00281,M00186,5,1619895109
U00281,M00060,4,1638232378
U00281,M00057,4,1681254709
U00281,M00124,5,1694069211
U00281,M00174,5,1623189658
U00281,M00062,3,1606164309
U00282,M00109,5,1658801987
U00282,M00171,4,1642954905
U00282,M00119,5,1712519483
U00282,M00036,4,1645660047
U00282,M00166,5,1608410417
U00282,M00057,5,1689093728
U00282,M00060,4,1745719878
U00282,M00197,5,1730864529
U00282,M00130,4,1729507335
U00282,M00199,5,1666330608
U00282,M00028,4,1717601231
U00282,M00011,5,1709968015
U00282,M00041,5,1640234861
U00282,M00138,5,1621387518
U00282,M00154,3,1712049827
U00282,M00050,4,1645528712
U00283,M00093,5,1611053691
U00283,M00052,4,1689163575
U00283,M00051,5,1660302634
U00283,M00104,5,1692676963
U00283,M00020,5,1743102950
U00283,M00120,5,1745216110
U00283,M00143,5,1611197473
U00283,M00067,3,1613770093
U00283,M00002,5,1747886566
U00283,M00013,4,1747294538
U00283,M00019,4,1605956303
U00283,M00106,4,1652956682
U00283,M00100,4,1702987502
U00283,M00097,4,1617812956
U00283,M00190,5,1607283806
U00283,M00024,5,1707836082
U00284,M00148,5,1677724572
U00284,M00151,5,1713569972
U00284,M00104,4,1697494963
U00284,M00183,3,1626778501
U00284,M00200,4,1680359133
U00284,M00171,4,1617068509
U00284,M00039,5,1630661759
U00284,M00170,5,1619225513
U00284,M00024,5,1679193199
U00284,M00172,5,1605952381
U00284,M00001,5,1748900262
U00284,M00075,4,1606146596
U00284,M00105,5,1676890957
U00284,M00033,5,1662279167
U00284,M00002,3,1718198420
U00284,M00010,4,1677783207
U00285,M00027,2,1694256718
U00285,M00045,5,1634389936
U00285,M00016,4,1723087480
U00285,M00119,5,1652624752
U00285,M00177,5,1700118280
U00285,M00069,4,1621811534
U00285,M00089,4,1731224965
U00285,M00044,5,1603119773
U00285,M00038,5,1666642411
U00285,M00150,5,1672220773
U00285,M00093,4,1652875413
U00285,M00193,5,1717722698
U00285,M00163,4,1651879575
U00285,M00121,4,1742896543
U00285,M00096,4,1748071558
U00285,M00081,4,1696541182
U00286,M00029,4,1653821463
U00286,M00083,4,1670123191
U00286,M00139,4,1744130109
U00286,M00102,5,1730523469
U00286,M00195,4,1742162677
U00286,M00115,5,1661115207
U00286,M00085,3,1606108870
U00286,M00156,4,1734039408
U00286,M00186,2,1712849256
U00286,M00046,4,1634064956
U00286,M00022,4,1674572131
U00286,M00034,4,1724934488
U00286,M00094,5,1685201552
U00286,M00071,4,1726862395
U00286,M00188,5,1710471168
U00286,M00003,5,1699970680
U00287,M00033,5,1705697319
U00287,M00126,4,1699131816
U00287,M00133,4,1631917267
U00287,M00106,3,1705860984
U00287,M00048,4,1653850617
U00287,M00061,5,1680618176
U00287,M00110,4,1625291225
U00287,M00010,5,1621112670
U00287,M00154,5,1687526231
U00287,M00199,5,1626411352
U00287,M00015,4,1685388847
U00287,M00107,5,1737189051
U00287,M00112,4,1702724255
U00287,M00184,5,1737569890
U00287,M00077,4,1722923289
U00287,M00001,5,1748123783
U00288,M00130,4,1666738282
U00288,M00199,5,1606173175
U00288,M00067,3,1718130747
U00288,M00178,5,1727416222
U00288,M00141,5,1727122349
U00288,M00042,5,1611437415
U00288,M00133,4,1690896993
U00288,M00053,5,1650499290
U00288,M00136,5,1618908629
U00288,M00181,4,1600317673
U00288,M00063,5,1622796542
U00288,M00143,3,1618922126
U00288,M00168,4,1686939827
U00288,M00164,4,1610417409
U00288,M00127,4,1651681777
U00288,M00010,4,1714842986
U00289,M00042,5,1650659641
U00289,M00191,4,1687531264
U00289,M00022,4,1667382113
U00289,M00006,3,1633691675
U00289,M00018,4,1653211044
U00289,M00045,5,1616340721
U00289,M00152,4,1623248463
U00289,M00167,4,1690610183
U00289,M00027,5,1657456158
U00289,M00038,5,1708100182
U00289,M00085,5,1636785194
U00289,M00193,5,1719254612
U00289,M00146,5,1691032345
U00289,M00052,2,1621909670
U00289,M00103,5,1610346134
U00289,M00134,5,1647199384
U00290,M00189,5,1615526867
U00290,M00112,4,1631258393
U00290,M00137,3,1745885092
U00290,M00110,5,1636955471
U00290,M00061,4,1608649228
U00290,M00077,4,1635749902
U00290,M00128,5,1704016811
U00290,M00001,4,1701402277
U00290,M00170,4,1633193665
U00290,M00024,4,1616053114
U00290,M00039,5,1682758791
U00290,M00040,5,1637313671
U00290,M00100,5,1608853103
U00290,M00162,4,1736017792
U00290,M00105,5,1683944797
U00290,M00010,5,1691197339
U00291,M00079,4,1707141443
U00291,M00162,4,1708635249
U00291,M00002,4,1743091234
U00291,M00137,5,1605571266
U00291,M00142,4,1745271758
U00291,M00097,5,1728045962
U00291,M00173,5,1723965437
U00291,M00165,5,1602926798
U00291,M00100,5,1698108561
U00291,M00177,5,1725217219
U00291,M00012,4,1661773568
U00291,M00044,3,1732015196
U00291,M00153,5,1656701286
U00291,M00094,5,1692166954
U00291,M00085,4,1746272757
U00291,M00068,5,1738102759
U00292,M00010,4,1667139764
U00292,M00152,4,1702985405
U00292,M00033,4,1658880664
U00292,M00026,4,1608164034
U00292,M00184,5,1709523079
U00292,M00039,4,1718624845
U00292,M00139,5,1704634995
U00292,M00112,4,1612428993
U00292,M00110,5,1677330104
U00292,M00107,5,1625045118
U00292,M00015,4,1700448699
U00292,M00053,5,1698510479
U00292,M00061,5,1649563550
U00292,M00148,5,1681100742
U00292,M00001,5,1680930345
U00292,M00193,4,1716668621
U00293,M00100,5,1732460769
U00293,M00027,4,1667508695
U00293,M00153,4,1725916058
U00293,M00075,3,1741768856
U00293,M00013,5,1618993008
U00293,M00106,4,1643621242
U00293,M00087,3,1663077614
U00293,M00059,5,1734573872
U00293,M00021,4,1634737241
U00293,M00079,5,1691753170
U00293,M00104,5,1680340003
U00293,M00152,5,1611406977
U00293,M00097,5,1604496031
U00293,M00051,4,1742237034
U00293,M00002,5,1654239596
U00293,M00068,5,1648292787
U00294,M00197,5,1663968253
U00294,M00110,4,1737121946
U00294,M00192,5,1735007553
U00294,M00116,5,1645053894
U00294,M00069,5,1630331772
U00294,M00040,3,1728865162
U00294,M00109,4,1621322608
U00294,M00067,2,1624415781
U00294,M00030,5,1646929506
U00294,M00166,5,1699930381
U00294,M00011,4,1624475471
U00294,M00147,5,1661697314
U00294,M00073,5,1662907397
U00294,M00139,5,1739364757
U00294,M00062,5,1744063393
U00294,M00010,5,1691483341
U00295,M00013,4,1749716390
U00295,M00002,4,1603658557
U00295,M00100,5,1704217987
U00295,M00068,5,1692107161
U00295,M00134,3,1747400367
U00295,M00137,5,1728598603
U00295,M00196,4,1690970397
U00295,M00163,4,1641704837
U00295,M00012,4,1682932255
U00295,M00024,4,1679525833
U00295,M00094,5,1618017686
U00295,M00088,5,1602161817
U00295,M00173,4,1617434311
U00295,M00195,5,1658553422
U00295,M00085,4,1611709938
U00295,M00084,5,1680899427
U00296,M00100,3,1626367331
U00296,M00161,5,1680159082
U00296,M00112,5,1738534416
U00296,M00189,4,1676056754
U00296,M00105,5,1610753540
U00296,M00061,5,1690221238
U00296,M00170,4,1718629775
U00296,M00026,5,1717630451
U00296,M00126,4,1717160040
U00296,M00080,4,1739164983
U00296,M00040,4,1647130972
U00296,M00164,4,1624979255
U00296,M00110,4,1686018659
U00296,M00039,5,1672328824
U00296,M00030,5,1734002267
U00296,M00091,4,1705496940
U00297,M00112,4,1612400041
U00297,M00030,4,1699373754
U00297,M00199,3,1668849603
U00297,M00050,5,1605114582
U00297,M00066,4,1606545644
U00297,M00061,5,1629548309
U00297,M00105,5,1692809533
U00297,M00048,5,1730072984
U00297,M00011,3,1694045870
U00297,M00077,5,1675592587
U00297,M00015,4,1675316195
U00297,M00041,3,1635378905
U00297,M00149,4,1729769762
U00297,M00039,5,1628736932
U00297,M00001,5,1600742601
U00297,M00033,5,1737074884
U00298,M00110,5,1651436177
U00298,M00041,4,1613421936
U00298,M00038,4,1679506161
U00298,M00050,4,1639576628
U00298,M00069,3,1678645176
U00298,M00089,5,1644090029
U00298,M00018,5,1692750633
U00298,M00177,4,1686686172
U00298,M00085,5,1617404686
U00298,M00016,5,1662483088
U00298,M00116,4,1690385445
U00298,M00193,5,1748181602
U00298,M00197,3,1624056686
U00298,M00160,5,1691226259
U00298,M00134,5,1749597401
U00298,M00088,5,1664013562
U00299,M00136,5,1622840563
U00299,M00056,3,1749951454
U00299,M00067,5,1675586031
U00299,M00114,4,1679043308
U00299,M00183,5,1667043199
U00299,M00050,4,1683225449
U00299,M00165,5,1700196629
U00299,M00129,5,1716936894
U00299,M00063,4,1684822496
U00299,M00093,5,1690823384
U00299,M00169,4,1704396561
U00299,M00087,5,1665236747
U00299,M00181,4,1731400720
U00299,M00190,5,1638494933
U00299,M00076,4,1716713678
U00299,M00174,3,1623034367
U00300,M00060,5,1638917271
U00300,M00067,5,1665340648
U00300,M00092,5,1680368868
U00300,M00145,5,1624800674
U00300,M00056,5,1613735144
U00300,M00155,5,1638456461
U00300,M00180,4,1749992916
U00300,M00183,3,1662557945
U00300,M00170,2,1728685722
U00300,M00157,4,1707263311
U00300,M00124,5,1659151815
U00300,M00136,4,1667488506
U00300,M00032,4,1612842410
U00300,M00095,5,1651713174
U00300,M00185,5,1629102435
U00300,M00179,5,1665341476
U00301,M00156,4,1666070968
U00301,M00094,4,1615160946
U00301,M00187,4,1631810180
U00301,M00199,4,1702935768
U00301,M00003,4,1697693080
U00301,M00111,5,1635313085
U00301,M00102,5,1633101761
U00301,M00188,4,1680450764
U00301,M00115,5,1740763886
U00301,M00184,5,1624899301
U00301,M00026,3,1703581499
U00301,M00160,2,1738509169
U00301,M00077,4,1683578595
U00301,M00099,5,1602706761
U00301,M00158,4,1627884827
U00301,M00139,4,1680985813
U00302,M00092,5,1621453097
U00302,M00004,4,1722661639
U00302,M00095,5,1641585601
U00302,M00013,1,1640032949
U00302,M00185,4,1657247776
U00302,M00180,4,1619137794
U00302,M00174,4,1604751621
U00302,M00138,3,1661333567
U00302,M00179,5,1716854119
U00302,M00056,4,1714989126
U00302,M00145,4,1744665846
U00302,M00032,5,1606374130
U00302,M00044,4,1629047075
U00302,M00193,4,1730841674
U00302,M00119,4,1727583652
U00302,M00160,5,1676176100
U00303,M00013,5,1731912413
U00303,M00180,3,1662210945
U00303,M00012,5,1644246503
U00303,M00002,4,1660266233
U00303,M00084,5,1654304514
U00303,M00097,4,1645624176
U00303,M00100,4,1632604196
U00303,M00137,5,1680870789
U00303,M00021,3,1708879780
U00303,M00104,5,1631248021
U00303,M00175,4,1743891727
U00303,M00068,5,1600747495
U00303,M00167,4,1731843095
U00303,M00074,3,1650371786
U00303,M00051,4,1731686124
U00303,M00059,5,1673514763
U00304,M00092,4,1622636408
U00304,M00078,5,1624278552
U00304,M00158,4,1695797978
U00304,M00095,5,1725258535
U00304,M00186,4,1650018810
U00304,M00032,4,1686150175
U00304,M00179,5,1748451401
U00304,M00157,5,1695525884
U00304,M00037,4,1721439067
U00304,M00031,4,1671929438
U00304,M00101,5,1696204360
U00304,M00176,3,1748518444
U00304,M00155,5,1702490986
U00304,M00180,4,1671928434
U00304,M00094,4,1630979413
U00304,M00167,4,1721271384
U00305,M00141,4,1637019470
U00305,M00175,4,1674014689
U00305,M00097,4,1661804907
U00305,M00051,4,1670106676
U00305,M00196,5,1746091821
U00305,M00191,5,1603798284
U00305,M00159,2,1729815998
U00305,M00020,5,1716854344
U00305,M00104,5,1717154137
U00305,M00162,4,1654734374
U00305,M00013,5,1614838842
U00305,M00144,4,1739481228
U00305,M00079,5,1637076802
U00305,M00019,5,1747359514
U00305,M00100,4,1716195556
U00305,M00137,5,1611634446
U00306,M00104,4,1639913508
U00306,M00196,5,1669179419
U00306,M00150,3,1717771203
U00306,M00155,3,1676072087
U00306,M00174,4,1652991551
U00306,M00162,5,1731948885
U00306,M00013,5,1604320116
U00306,M00100,5,1680907738
U00306,M00002,5,1621149869
U00306,M00020,5,1642801443
U00306,M00019,5,1724840601
U00306,M00012,5,1733874923
U00306,M00079,5,1717736699
U00306,M00143,4,1675118592
U00306,M00124,5,1726364683
U00306,M00173,5,1605228221
U00307,M00030,4,1731140610
U00307,M00138,4,1714913399
U00307,M00168,5,1740457455
U00307,M00027,5,1641997596
U00307,M00033,4,1663821379
U00307,M00130,4,1620904545
U00307,M00026,5,1721778333
U00307,M00036,4,1638902230
U00307,M00197,4,1612888858
U00307,M00199,5,1694590744
U00307,M00053,5,1654925719
U00307,M00116,4,1662417339
U00307,M00152,4,1690892314
U00307,M00164,5,1677831343
U00307,M00126,4,1653012204
U00307,M00021,5,1607076903
U00308,M00187,4,1618519528
U00308,M00127,5,1654799266
U00308,M00022,4,1650489184
U00308,M00160,4,1613154128
U00308,M00053,5,1685077872
U00308,M00144,5,1607767377
U00308,M00168,5,1718510789
U00308,M00038,3,1730690027
U00308,M00199,4,1727278929
U00308,M00139,4,1748722795
U00308,M00152,5,1618641278
U00308,M00154,5,1724067746
U00308,M00126,5,1631986765
U00308,M00026,5,1689378548
U00308,M00184,4,1706353164
U00308,M00021,5,1628517405
U00309,M00179,4,1678058846
U00309,M00092,4,1615735535
U00309,M00185,5,1703906182
U00309,M00155,4,1686181764
U00309,M00150,5,1721851858
U00309,M00060,4,1687261572
U00309,M00093,4,1677524549
U00309,M00160,4,1671991813
U00309,M00180,5,1668657526
U00309,M00095,5,1641175221
U00309,M00028,2,1661674751
U00309,M00005,5,1656309810
U00309,M00078,4,1636292228
U00309,M00056,5,1638212396
U00309,M00193,5,1743166865
U00309,M00037,5,1681563202
U00310,M00154,5,1658781463
U00310,M00198,4,1748787166
U00310,M00133,4,1733417460
U00310,M00177,3,1721228512
U00310,M00126,5,1626297785
U00310,M00193,4,1665559774
U00310,M00144,4,1698216674
U00310,M00180,4,1679020641
U00310,M00103,5,1725708706
U00310,M00139,4,1697803471
U00310,M00184,5,1668676668
U00310,M00130,5,1704569829
U00310,M00021,5,1682812106
U00310,M00026,4,1689809950
U00310,M00168,5,1624764951
U00310,M00119,5,1624252845
U00311,M00039,5,1744747276
U00311,M00200,5,1709021363
U00311,M00033,5,1667006525
U00311,M00073,5,1701767378
U00311,M00067,5,1603664444
U00311,M00122,3,1684303973
U00311,M00041,5,1719743585
U00311,M00110,4,1642359718
U00311,M00093,5,1636468231
U00311,M00029,3,1624643520
U00311,M00010,5,1736086226
U00311,M00107,5,1698563416
U00311,M00040,4,1731982315
U00311,M00149,4,1643148606
U00311,M00091,5,1725985284
U00311,M00048,4,1649714195
U00312,M00033,3,1664333709
U00312,M00058,5,1674374673
U00312,M00092,4,1600759722
U00312,M00157,4,1744244155
U00312,M00185,4,1743409699
U00312,M00180,5,1721647968
U00312,M00160,3,1719085783
U00312,M00095,5,1633590974
U00312,M00004,5,1658865442
U00312,M00110,3,1636922051
U00312,M00155,5,1686368925
U00312,M00017,4,1605553543
U00312,M00056,4,1688325207
U00312,M00179,5,1683307718
U00312,M00188,3,1694997873
U00312,M00189,4,1662140354
U00313,M00026,4,1723358128
U00313,M00020,4,1620733954
U00313,M00144,4,1716347065
U00313,M00152,4,1608980192
U00313,M00064,5,1658832254
U00313,M00168,5,1602903718
U00313,M00085,3,1726573683
U00313,M00199,5,1650488104
U00313,M00141,5,1663002008
U00313,M00084,4,1611468131
U00313,M00104,3,1648301113
U00313,M00130,5,1745481517
U00313,M00161,5,1692590796
U00313,M00019,5,1670962710
U00313,M00038,3,1608738041
U00313,M00027,5,1671642104
U00314,M00092,4,1668363601
U00314,M00095,5,1666144920
U00314,M00100,5,1617811686
U00314,M00162,5,1729448869
U00314,M00085,3,1696181300
U00314,M00059,4,1644382976
U00314,M00143,4,1743555945
U00314,M00097,5,1711954012
U00314,M00173,5,1713280393
U00314,M00124,3,1731757226
U00314,M00188,2,1695489843
U00314,M00051,4,1661596033
U00314,M00019,5,1651296751
U00314,M00002,5,1710639348
U00314,M00104,5,1703115895
U00314,M00068,4,1641465941
U00315,M00160,5,1724012766
U00315,M00177,5,1700709086
U00315,M00083,5,1733050902
U00315,M00085,4,1749343003
U00315,M00134,4,1669836607
U00315,M00018,4,1640069418
U00315,M00089,5,1672878581
U00315,M00028,4,1736871455
U00315,M00167,4,1606150321
U00315,M00166,3,1690182122
U00315,M00162,2,1746385081
U00315,M00195,5,1615447712
U00315,M00088,5,1647664643
U00315,M00038,4,1740425117
U00315,M00031,4,1637807865
U00315,M00192,3,1654801895
U00316,M00067,4,1701818864
U00316,M00163,4,1611147587
U00316,M00007,5,1603566412
U00316,M00165,4,1693249854
U00316,M00087,4,1646939613
U00316,M00181,5,1722639229
U00316,M00190,5,1623891022
U00316,M00059,4,1719345934
U00316,M00066,5,1720338718
U00316,M00122,5,1604547052
U00316,M00093,4,1705885956
U00316,M00173,3,1726420653
U00316,M00086,5,1620115859
U00316,M00063,5,1625140413
U00316,M00006,4,1657934927
U00316,M00005,3,1644488748
U00317,M00065,5,1641242642
U00317,M00163,4,1693601226
U00317,M00122,4,1619244606
U00317,M00076,5,1735030337
U00317,M00116,5,1713919252
U00317,M00123,4,1710962468
U00317,M00067,4,1674922342
U00317,M00087,4,1666265642
U00317,M00030,4,1633356559
U00317,M00136,4,1729536685
U00317,M00007,4,1698233811
U00317,M00031,1,1724127503
U00317,M00081,5,1613484087
U00317,M00070,5,1714718761
U00317,M00006,5,1711356203
U00317,M00190,4,1695180687
U00318,M00184,5,1749840043
U00318,M00179,5,1606008719
U00318,M00199,5,1702053572
U00318,M00188,3,1648178850
U00318,M00126,5,1608853425
U00318,M00152,4,1681559552
U00318,M00186,4,1635433623
U00318,M00164,4,1649553177
U00318,M00021,4,1691579266
U00318,M00139,5,1617661848
U00318,M00017,3,1735517034
U00318,M00133,5,1728057154
U00318,M00026,5,1708039929
U00318,M00053,5,1653992093
U00318,M00121,2,1705163128
U00318,M00074,5,1650974208
U00319,M00046,5,1638865078
U00319,M00094,5,1712827396
U00319,M00124,4,1623584275
U00319,M00134,5,1632982586
U00319,M00158,4,1686329371
U00319,M00182,4,1707926924
U00319,M00008,5,1679203068
U00319,M00082,5,1620241201
U00319,M00071,5,1660063649
U00319,M00025,5,1636889883
U00319,M00111,5,1648070767
U00319,M00029,5,1608673047
U00319,M00043,4,1729912135
U00319,M00083,5,1708964055
U00319,M00101,4,1730559881
U00319,M00088,3,1609992864
U00320,M00010,5,1747820131
U00320,M00073,5,1630863293
U00320,M00180,3,1730208324
U00320,M00039,5,1607137151
U00320,M00061,4,1721068521
U00320,M00107,4,1643535909
U00320,M00173,2,1702259689
U00320,M00033,4,1660550966
U00320,M00110,5,1747881655
U00320,M00112,5,1675019375
U00320,M00089,3,1661872659
U00320,M00077,5,1669650754
U00320,M00005,4,1659405824
U00320,M00105,5,1702338967
U00320,M00149,4,1693163147
U00320,M00092,3,1719021541
U00321,M00120,4,1715415231
U00321,M00087,5,1714688250
U00321,M00138,3,1687672955
U00321,M00193,2,1661053742
U00321,M00006,5,1715311649
U00321,M00181,5,1714998052
U00321,M00070,4,1602348480
U00321,M00067,5,1674741380
U00321,M00147,4,1747342265
U00321,M00163,5,1668937472
U00321,M00190,4,1690742567
U00321,M00169,4,1749983928
U00321,M00123,4,1709745650
U00321,M00007,4,1728844258
U00321,M00082,3,1731094044
U00321,M00096,5,1690483560
U00322,M00036,4,1674447046
U00322,M00166,5,1694613916
U00322,M00160,3,1620270345
U00322,M00001,3,1738317852
U00322,M00147,5,1712203172
U00322,M00132,4,1716903657
U00322,M00055,4,1694138230
U00322,M00069,5,1630838095
U00322,M00085,4,1695486317
U00322,M00011,5,1635076042
U00322,M00116,4,1716229913
U00322,M00065,5,1665102852
U00322,M00070,5,1705515928
U00322,M00050,4,1682755552
U00322,M00088,4,1601696444
U00322,M00090,5,1653938116
U00323,M00040,5,1730580359
U00323,M00112,5,1745578168
U00323,M00039,5,1658812257
U00323,M00091,4,1675446076
U00323,M00029,4,1726755480
U00323,M00189,4,1701020390
U00323,M00001,5,1664818917
U00323,M00170,5,1718689151
U00323,M00164,3,1701353426
U00323,M00147,4,1686726638
U00323,M00050,5,1669067482
U00323,M00080,4,1616179515
U00323,M00073,5,1710536418
U00323,M00151,5,1625588612
U00323,M00033,4,1699428579
U00323,M00197,5,1684147055
U00324,M00089,3,1686150655
U00324,M00047,4,1641188151
U00324,M00157,5,1623483968
U00324,M00060,5,1738282244
U00324,M00071,5,1696023699
U00324,M00103,4,1676766728
U00324,M00145,5,1607367202
U00324,M00186,4,1655821913
U00324,M00174,5,1643555651
U00324,M00144,3,1706624595
U00324,M00078,5,1731336297
U00324,M00049,5,1712442964
U00324,M00134,5,1614823130
U00324,M00017,4,1674237564
U00324,M00005,5,1741295198
U00324,M00155,5,1722530206
U00325,M00017,4,1658253584
U00325,M00022,4,1672460301
U00325,M00004,5,1709764951
U00325,M00037,5,1695591952
U00325,M00005,5,1629484782
U00325,M00049,4,1677576076
U00325,M00163,4,1705632044
U00325,M00123,4,1709333245
U00325,M00183,5,1652821082
U00325,M00174,5,1695451159
U00325,M00092,4,1670463687
U00325,M00186,5,1746873148
U00325,M00118,3,1710179512
U00325,M00060,5,1674523024
U00325,M00095,4,1744230919
U00325,M00093,5,1654877412
U00326,M00182,5,1664303290
U00326,M00071,5,1744510451
U00326,M00158,4,1654275967
U00326,M00176,4,1706407582
U00326,M00031,4,1678392970
U00326,M00102,4,1708219348
U00326,M00006,4,1721960418
U00326,M00008,5,1679321584
U00326,M00156,5,1615696845
U00326,M00111,5,1699867463
U00326,M00046,4,1665761930
U00326,M00190,3,1616407562
U00326,M00087,4,1624472557
U00326,M00088,2,1672265006
U00326,M00145,3,1732870186
U00326,M00094,4,1687443722
U00327,M00082,4,1686517883
U00327,M00096,5,1731974573
U00327,M00067,5,1721749273
U00327,M00128,3,1709083899
U00327,M00190,4,1653505407
U00327,M00157,3,1736897947
U00327,M00076,4,1656246788
U00327,M00169,4,1660833967
U00327,M00183,4,1686010339
U00327,M00122,5,1679556521
U00327,M00101,4,1602750842
U00327,M00007,4,1645714816
U00327,M00136,5,1660729116
U00327,M00087,4,1641217385
U00327,M00165,5,1737515911
U00327,M00066,4,1731024768
U00328,M00092,4,1708404749
U00328,M00074,5,1665732997
U00328,M00069,4,1624065082
U00328,M00179,5,1641502406
U00328,M00004,5,1642762354
U00328,M00108,5,1689689794
U00328,M00008,2,1643907589
U00328,M00009,4,1696291521
U00328,M00180,5,1615980767
U00328,M00060,4,1721550839
U00328,M00138,3,1624120182
U00328,M00166,3,1681607171
U00328,M00185,4,1695703510
U00328,M00177,3,1703996366
U00328,M00145,5,1633295271
U00328,M00078,4,1703367216
U00329,M00160,4,1715850648
U00329,M00088,4,1652179664
U00329,M00121,4,1726733479
U00329,M00083,5,1656819782
U00329,M00146,5,1635143601
U00329,M00177,4,1700782500
U00329,M00167,4,1608908591
U00329,M00038,4,1735500353
U00329,M00044,5,1728054919
U00329,M00085,4,1617122248
U00329,M00193,4,1691788345
U00329,M00007,3,1642496356
U00329,M00103,5,1697411096
U00329,M00134,5,1645165958
U00329,M00067,3,1661672132
U00329,M00046,1,1691591224
U00330,M00025,4,1618251966
U00330,M00110,5,1693595818
U00330,M00040,4,1698675905
U00330,M00101,4,1709703700
U00330,M00140,3,1741966181
U00330,M00187,5,1716674571
U00330,M00046,4,1684721561
U00330,M00125,4,1671608714
U00330,M00082,4,1678809909
U00330,M00105,4,1621666888
U00330,M00156,4,1695106037
U00330,M00188,4,1609273734
U00330,M00071,5,1654091230
U00330,M00054,4,1713534390
U00330,M00043,4,1712039193
U00330,M00128,5,1714228343
U00331,M00104,4,1665298019
U00331,M00052,5,1633166751
U00331,M00143,5,1645071976
U00331,M00024,4,1646015094
U00331,M00166,5,1644054222
U00331,M00039,5,1625659773
U00331,M00173,4,1601249815
U00331,M00153,4,1635334764
U00331,M00013,4,1733887131
U00331,M00073,3,1694927719
U00331,M00040,5,1703751240
U00331,M00137,4,1715843896
U00331,M00020,4,1715969298
U00331,M00175,5,1708509535
U00331,M00106,5,1629338399
U00331,M00059,5,1662118712
U00332,M00138,4,1626057305
U00332,M00171,4,1607908164
U00332,M00050,4,1623577755
U00332,M00159,4,1720075233
U00332,M00010,5,1653353643
U00332,M00040,5,1660200922
U00332,M00030,4,1651872439
U00332,M00106,2,1658677553
U00332,M00192,5,1644546285
U00332,M00061,4,1745479641
U00332,M00011,5,1627076892
U00332,M00104,2,1729617576
U00332,M00116,5,1716067260
U00332,M00166,5,1681710468
U00332,M00070,5,1745156259
U00332,M00055,4,1638091198
U00333,M00081,4,1605642595
U00333,M00027,5,1671559140
U00333,M00168,4,1676686039
U00333,M00141,4,1725566749
U00333,M00021,5,1743542128
U00333,M00133,5,1710084692
U00333,M00156,5,1699364472
U00333,M00178,5,1668046683
U00333,M00161,4,1604637848
U00333,M00184,5,1667181472
U00333,M00181,4,1665731961
U00333,M00152,5,1609087660
U00333,M00026,4,1730584710
U00333,M00199,4,1748678814
U00333,M00035,5,1705284285
U00333,M00053,4,1673543790
U00334,M00075,4,1601274270
U00334,M00199,5,1693566069
U00334,M00027,4,1699002765
U00334,M00011,5,1615122532
U00334,M00021,4,1677827876
U00334,M00057,4,1738113221
U00334,M00112,1,1619637565
U00334,M00192,4,1731756718
U00334,M00133,5,1678065180
U00334,M00138,4,1700354685
U00334,M00130,5,1640899344
U00334,M00144,4,1657911075
U00334,M00152,4,1733784066
U00334,M00064,5,1663260280
U00334,M00139,5,1747871613
U00334,M00053,4,1704743482
U00335,M00085,5,1623437097
U00335,M00121,4,1608954502
U00335,M00134,4,1605230451
U00335,M00044,4,1678434029
U00335,M00089,4,1703243667
U00335,M00177,5,1741745301
U00335,M00039,5,1623986817
U00335,M00193,5,1645677396
U00335,M00014,5,1600907493
U00335,M00150,5,1732023350
U00335,M00170,3,1610974756
U00335,M00160,4,1711875890
U00335,M00083,4,1653879965
U00335,M00195,4,1707650020
U00335,M00015,4,1689631243
U00335,M00033,4,1681060938
U00336,M00062,4,1614767249
U00336,M00143,4,1656245021
U00336,M00173,4,1672106905
U00336,M00100,5,1626565284
U00336,M00029,5,1605791839
U00336,M00002,4,1710811298
U00336,M00125,3,1619239117
U00336,M00097,5,1645112651
U00336,M00135,4,1694387201
U00336,M00115,4,1637862920
U00336,M00068,5,1619980808
U00336,M00137,5,1600297240
U00336,M00106,4,1612566447
U00336,M00176,4,1689587579
U00336,M00084,4,1684110233
U00336,M00119,4,1693544529
U00337,M00048,2,1613285519
U00337,M00123,5,1639896195
U00337,M00067,4,1670316025
U00337,M00136,5,1740066994
U00337,M00066,5,1605000516
U00337,M00190,5,1746332052
U00337,M00096,5,1603358169
U00337,M00181,4,1640214761
U00337,M00163,4,1622210962
U00337,M00148,1,1639533173
U00337,M00093,5,1698987075
U00337,M00176,4,1729119795
U00337,M00120,5,1657045181
U00337,M00081,4,1711942385
U00337,M00165,5,1671056869
U00337,M00183,5,1708182972
U00338,M00184,3,1637622828
U00338,M00186,5,1618062743
U00338,M00045,4,1725239612
U00338,M00085,5,1624731548
U00338,M00083,5,1649654545
U00338,M00193,4,1714923544
U00338,M00056,4,1631371217
U00338,M00062,2,1739829137
U00338,M00155,3,1660917807
U00338,M00038,5,1625631708
U00338,M00121,4,1703505463
U00338,M00195,5,1624574741
U00338,M00150,5,1645221852
U00338,M00078,4,1630201722
U00338,M00119,4,1749423641
U00338,M00016,4,1639446276
U00339,M00170,3,1627118303
U00339,M00100,4,1609065817
U00339,M00106,4,1623445162
U00339,M00061,4,1621928062
U00339,M00013,4,1639870163
U00339,M00143,5,1656668494
U00339,M00019,4,1652152321
U00339,M00138,5,1631358837
U00339,M00189,4,1698996947
U00339,M00059,5,1640115410
U00339,M00079,4,1621644553
U00339,M00097,5,1623190664
U00339,M00137,5,1600614455
U00339,M00178,1,1630466595
U00339,M00173,5,1652236696
U00339,M00052,5,1660523942
U00340,M00163,5,1632771195
U00340,M00063,5,1663205950
U00340,M00006,5,1600212272
U00340,M00101,4,1702139470
U00340,M00093,5,1677522095
U00340,M00066,4,1664715123
U00340,M00086,4,1689910576
U00340,M00169,4,1687088114
U00340,M00190,4,1665607242
U00340,M00043,4,1673941748
U00340,M00087,4,1646661703
U00340,M00122,4,1601759671
U00340,M00085,4,1669903172
U00340,M00096,5,1674522302
U00340,M00113,4,1694941097
U00340,M00156,5,1693854514
U00341,M00147,5,1634570543
U00341,M00096,5,1749538536
U00341,M00050,5,1645482794
U00341,M00028,5,1745169277
U00341,M00116,4,1665865516
U00341,M00066,5,1634050823
U00341,M00166,4,1700481914
U00341,M00171,4,1665757404
U00341,M00159,5,1732862243
U00341,M00181,5,1616557158
U00341,M00138,5,1644185785
U00341,M00197,4,1662925351
U00341,M00088,3,1670489812
U00341,M00065,5,1716983209
U00341,M00109,5,1666826974
U00341,M00070,5,1638976484
U00342,M00030,5,1685007888
U00342,M00057,4,1671389455
U00342,M00090,4,1740111123
U00342,M00062,5,1623035192
U00342,M00050,5,1684143131
U00342,M00193,2,1669898797
U00342,M00166,4,1655323003
U00342,M00028,5,1689540082
U00342,M00108,4,1743980868
U00342,M00138,5,1650249066
U00342,M00133,4,1624243530
U00342,M00147,5,1604472222
U00342,M00026,5,1698502300
U00342,M00109,5,1693275700
U00342,M00152,3,1739252185
U00342,M00069,4,1695213630
U00343,M00047,5,1721391267
U00343,M00088,4,1654004845
U00343,M00119,5,1661901469
U00343,M00044,5,1628085388
U00343,M00078,3,1686368050
U00343,M00077,1,1746065124
U00343,M00193,4,1637603987
U00343,M00095,5,1612570748
U00343,M00134,4,1668752762
U00343,M00069,5,1640379533
U00343,M00195,4,1680228594
U00343,M00022,4,1614949189
U00343,M00150,4,1708776464
U00343,M00045,4,1663281962
U00343,M00058,5,1705568467
U00343,M00167,5,1714666707
U00344,M00051,4,1637799432
U00344,M00171,3,1601632217
U00344,M00041,3,1651325076
U00344,M00050,5,1641683679
U00344,M00106,4,1617578489
U00344,M00105,4,1700913793
U00344,M00002,5,1613426029
U00344,M00097,4,1629661794
U00344,M00104,4,1682674337
U00344,M00173,5,1605863210
U00344,M00100,4,1642868096
U00344,M00135,4,1698793848
U00344,M00036,4,1633180510
U00344,M00137,5,1720741867
U00344,M00019,5,1602997886
U00344,M00079,4,1637362955
U00345,M00026,4,1658716132
U00345,M00195,4,1616222598
U00345,M00177,4,1742169284
U00345,M00160,5,1660613194
U00345,M00083,5,1697665917
U00345,M00045,5,1722162211
U00345,M00119,5,1642496292
U00345,M00193,4,1702698295
U00345,M00018,5,1615364190
U00345,M00150,5,1732073453
U00345,M00022,4,1739344303
U00345,M00134,5,1604317072
U00345,M00112,3,1635221567
U00345,M00053,5,1661688302
U00345,M00164,3,1730631089
U00345,M00044,4,1672839452
U00346,M00139,4,1654696397
U00346,M00105,3,1616222767
U00346,M00199,5,1629398670
U00346,M00135,5,1679649298
U00346,M00184,5,1605098383
U00346,M00026,5,1634900041
U00346,M00168,5,1735733666
U00346,M00042,5,1688460209
U00346,M00002,4,1682208725
U00346,M00154,5,1660226571
U00346,M00144,4,1631152452
U00346,M00137,5,1661630829
U00346,M00053,5,1726347065
U00346,M00143,4,1674689282
U00346,M00152,4,1746280816
U00346,M00021,4,1688666912
U00347,M00056,4,1668498560
U00347,M00179,5,1735026065
U00347,M00136,4,1700784461
U00347,M00049,5,1710255333
U00347,M00155,4,1680856979
U00347,M00078,5,1678363813
U00347,M00032,4,1719552482
U00347,M00092,5,1622388021
U00347,M00037,5,1631844021
U00347,M00120,3,1704445127
U00347,M00058,4,1634900448
U00347,M00183,5,1675611997
U00347,M00095,5,1668406419
U00347,M00060,5,1743175186
U00347,M00074,4,1689214299
U00347,M00066,5,1699465341
U00348,M00189,4,1712810497
U00348,M00013,3,1727195215
U00348,M00091,4,1616045405
U00348,M00184,2,1708852700
U00348,M00170,4,1708401515
U00348,M00048,5,1700292671
U00348,M00061,5,1672024600
U00348,M00100,4,1682860833
U00348,M00114,1,1651156719
U00348,M00073,4,1617369241
U00348,M00149,4,1624301950
U00348,M00040,5,1605926870
U00348,M00080,5,1645176202
U00348,M00110,4,1680052600
U00348,M00015,4,1712608627
U00348,M00010,4,1745881111
U00349,M00073,4,1673714720
U00349,M00172,5,1641126519
U00349,M00033,4,1611127225
U00349,M00048,5,1624694542
U00349,M00091,5,1673078460
U00349,M00040,5,1738005841
U00349,M00079,5,1721077165
U00349,M00137,5,1603083340
U00349,M00061,4,1724877525
U00349,M00110,4,1749071688
U00349,M00056,4,1721929077
U00349,M00080,5,1696543366
U00349,M00148,4,1699804879
U00349,M00173,4,1744558690
U00349,M00106,3,1628576026
U00349,M00112,4,1681150697
U00350,M00193,5,1683844045
U00350,M00038,5,1724046552
U00350,M00184,4,1692695185
U00350,M00083,5,1736799507
U00350,M00194,2,1628545509
U00350,M00177,5,1651480008
U00350,M00160,5,1705391740
U00350,M00150,4,1723693560
U00350,M00119,5,1629245463
U00350,M00144,5,1624510608
U00350,M00085,4,1618567482
U00350,M00053,5,1662103028
U00350,M00121,5,1672898896
U00350,M00134,5,1637668339
U00350,M00088,4,1660894643
U00350,M00022,5,1732844619
U00351,M00039,5,1695516279
U00351,M00167,1,1694034005
U00351,M00197,5,1653790895
U00351,M00061,4,1666836938
U00351,M00037,3,1639545386
U00351,M00005,4,1656164340
U00351,M00040,4,1621167327
U00351,M00017,3,1677281357
U00351,M00033,5,1706211115
U00351,M00148,5,1657110756
U00351,M00170,4,1749365052
U00351,M00015,4,1676913836
U00351,M00080,4,1604320931
U00351,M00107,5,1611734658
U00351,M00185,5,1719529422
U00351,M00105,5,1675339386
U00352,M00013,5,1671343087
U00352,M00097,4,1650207476
U00352,M00142,5,1637644900
U00352,M00143,5,1715166462
U00352,M00051,5,1648995056
U00352,M00026,3,1708590742
U00352,M00196,5,1708963276
U00352,M00002,5,1749108465
U00352,M00012,4,1672016947
U00352,M00029,4,1670351041
U00352,M00100,5,1629888314
U00352,M00019,4,1658519946
U00352,M00155,4,1704391748
U00352,M00106,4,1635090836
U00352,M00078,3,1711371547
U00352,M00056,4,1669342656
U00353,M00097,5,1667304769
U00353,M00137,4,1688342015
U00353,M00107,5,1724504228
U00353,M00019,4,1691752341
U00353,M00010,5,1728585111
U00353,M00175,5,1716275031
U00353,M00142,5,1722857522
U00353,M00143,5,1641199878
U00353,M00134,2,1624226788
U00353,M00173,5,1636474234
U00353,M00106,4,1740247725
U00353,M00052,4,1635936750
U00353,M00039,5,1725670837
U00353,M00135,5,1656621416
U00353,M00017,3,1690132579
U00353,M00100,5,1700032173
U00354,M00001,4,1654147417
U00354,M00073,4,1687968211
U00354,M00107,5,1719263387
U00354,M00033,5,1650193368
U00354,M00075,5,1602080825
U00354,M00015,4,1652276127
U00354,M00014,4,1632637791
U00354,M00110,5,1713723232
U00354,M00190,5,1645485623
U00354,M00040,4,1694018857
U00354,M00148,5,1616765854
U00354,M00115,3,1629675108
U00354,M00010,4,1647899159
U00354,M00031,5,1654416333
U00354,M00048,4,1625725312
U00354,M00176,5,1600472260
U00355,M00061,5,1678373654
U00355,M00110,5,1685746618
U00355,M00192,4,1612790756
U00355,M00105,4,1717995671
U00355,M00033,5,1627826308
U00355,M00050,4,1739108703
U00355,M00010,4,1615707610
U00355,M00001,5,1725207093
U00355,M00170,5,1653770322
U00355,M00073,5,1656976882
U00355,M00065,4,1680637581
U00355,M00112,4,1697176526
U00355,M00200,4,1705674733
U00355,M00039,5,1724724676
U00355,M00015,4,1648770423
U00355,M00186,2,1722135464
U00356,M00186,4,1681341836
U00356,M00145,4,1628915808
U00356,M00057,4,1690233835
U00356,M00155,3,1698665977
U00356,M00041,4,1613492094
U00356,M00166,4,1723676518
U00356,M00098,4,1688832218
U00356,M00036,5,1658805732
U00356,M00069,4,1713916612
U00356,M00171,5,1616706449
U00356,M00180,3,1601537786
U00356,M00011,5,1602378038
U00356,M00197,4,1668553479
U00356,M00159,5,1737601724
U00356,M00028,5,1714695054
U00356,M00138,5,1717018170
U00357,M00011,4,1637017105
U00357,M00069,5,1693902526
U00357,M00078,4,1721601906
U00357,M00037,4,1679050832
U00357,M00147,5,1720421051
U00357,M00070,5,1749868676
U00357,M00057,5,1672597821
U00357,M00062,4,1719038415
U00357,M00004,3,1705319525
U00357,M00083,4,1745948478
U00357,M00116,4,1717227076
U00357,M00039,3,1601462168
U00357,M00138,5,1748450985
U00357,M00030,5,1624087480
U00357,M00145,5,1678543162
U00357,M00197,5,1682111406
U00358,M00137,3,1747236019
U00358,M00164,3,1624953601
U00358,M00121,4,1652296762
U00358,M00018,5,1745552016
U00358,M00045,4,1630637000
U00358,M00134,5,1600924500
U00358,M00029,1,1721809744
U00358,M00143,3,1696774843
U00358,M00193,5,1728516926
U00358,M00160,4,1633001113
U00358,M00177,5,1625145545
U00358,M00085,5,1652257378
U00358,M00044,4,1660894906
U00358,M00089,5,1746104572
U00358,M00150,5,1620787479
U00358,M00131,4,1713376008
U00359,M00166,3,1704216408
U00359,M00007,4,1701552598
U00359,M00087,4,1730265850
U00359,M00057,3,1653428595
U00359,M00104,3,1631225167
U00359,M00096,5,1740431755
U00359,M00137,5,1732895724
U00359,M00081,5,1695208098
U00359,M00169,5,1695769263
U00359,M00006,5,1678214042
U00359,M00067,4,1639246621
U00359,M00136,4,1739642450
U00359,M00063,5,1729632041
U00359,M00084,5,1689475535
U00359,M00190,5,1693810154
U00359,M00135,4,1658869442
U00360,M00103,3,1733154265
U00360,M00163,5,1644076466
U00360,M00067,5,1631698957
U00360,M00183,5,1627112616
U00360,M00169,5,1602092553
U00360,M00181,4,1648866201
U00360,M00190,5,1625861719
U00360,M00165,5,1734230482
U00360,M00193,4,1681067811
U00360,M00081,5,1729475057
U00360,M00122,4,1682500152
U00360,M00116,4,1727698891
U00360,M00062,3,1614973259
U00360,M00022,3,1709120119
U00360,M00123,4,1676388895
U00360,M00096,5,1604329124
U00361,M00182,5,1614948969
U00361,M00156,5,1609509332
U00361,M00054,5,1660137702
U00361,M00106,4,1697086220
U00361,M00111,4,1676332558
U00361,M00094,4,1604736920
U00361,M00082,5,1604325939
U00361,M00029,4,1650486199
U00361,M00188,5,1699792564
U00361,M00045,3,1731367848
U00361,M00071,5,1716648635
U00361,M00031,5,1745446198
U00361,M00034,5,1705162996
U00361,M00113,5,1644970905
U00361,M00004,4,1740270126
U00361,M00185,5,1623312946
U00362,M00109,3,1602116483
U00362,M00167,5,1656340603
U00362,M00007,5,1609933381
U00362,M00114,5,1716367199
U00362,M00126,1,1703252128
U00362,M00146,5,1704263265
U00362,M00119,4,1697993341
U00362,M00085,5,1620481417
U00362,M00022,5,1670775975
U00362,M00121,4,1694371018
U00362,M00150,5,1728635054
U00362,M00103,4,1724690521
U00362,M00067,5,1736897886
U00362,M00063,4,1625509536
U00362,M00134,4,1719015832
U00362,M00193,4,1715543662
U00363,M00158,5,1626439697
U00363,M00104,4,1677082268
U00363,M00134,3,1626240743
U00363,M00097,5,1701293902
U00363,M00135,5,1735698334
U00363,M00019,5,1727449001
U00363,M00002,5,1670948914
U00363,M00089,3,1735541271
U00363,M00013,4,1672424141
U00363,M00173,5,1670849511
U00363,M00059,5,1658868381
U00363,M00012,4,1618398735
U00363,M00137,4,1735265102
U00363,M00044,4,1692060275
U00363,M00088,5,1668030453
U00363,M00142,5,1687742413
U00364,M00157,4,1658931283
U00364,M00174,5,1690627968
U00364,M00078,4,1610452196
U00364,M00144,3,1651790497
U00364,M00074,5,1715641819
U00364,M00113,4,1722423330
U00364,M00037,4,1747597742
U00364,M00082,5,1667062471
U00364,M00092,5,1624315386
U00364,M00095,5,1644209527
U00364,M00003,5,1632608368
U00364,M00034,5,1690054002
U00364,M00050,2,1673090675
U00364,M00060,4,1627166940
U00364,M00179,4,1741467117
U00364,M00124,4,1725046156
U00365,M00179,3,1721397557
U00365,M00012,5,1731274544
U00365,M00051,4,1624804511
U00365,M00100,5,1713072933
U00365,M00059,5,1651436510
U00365,M00167,3,1606780957
U00365,M00196,5,1700117023
U00365,M00081,2,1600071860
U00365,M00024,4,1707997802
U00365,M00002,4,1714158573
U00365,M00079,4,1680604438
U00365,M00121,4,1668990025
U00365,M00135,4,1729751598
U00365,M00160,5,1734997445
U00365,M00013,4,1639592298
U00365,M00195,3,1690574793
U00366,M00060,4,1731402219
U00366,M00062,4,1641413908
U00366,M00029,3,1728379861
U00366,M00009,4,1733682433
U00366,M00109,4,1674957725
U00366,M00070,4,1721972496
U00366,M00058,5,1699233469
U00366,M00138,5,1726117778
U00366,M00036,5,1688353141
U00366,M00050,5,1604806086
U00366,M00045,3,1652496544
U00366,M00147,5,1747983211
U00366,M00057,5,1717371537
U00366,M00028,5,1718432611
U00366,M00179,5,1657216702
U00366,M00090,5,1707311146
U00367,M00006,5,1661786566
U00367,M00165,4,1716102430
U00367,M00183,5,1646159631
U00367,M00081,5,1629163033
U00367,M00169,5,1748536502
U00367,M00116,5,1618857602
U00367,M00122,5,1706494140
U00367,M00093,5,1634203085
U00367,M00069,5,1616147161
U00367,M00027,1,1677070113
U00367,M00067,4,1683379488
U00367,M00076,5,1673872588
U00367,M00104,4,1668695687
U00367,M00136,4,1687834201
U00367,M00011,4,1647539982
U00367,M00163,5,1604916649
U00368,M00059,5,1641310737
U00368,M00097,5,1638995609
U00368,M00019,5,1622153802
U00368,M00042,4,1727358362
U00368,M00002,5,1628968741
U00368,M00008,1,1633041116
U00368,M00175,4,1607949994
U00368,M00173,5,1735472224
U00368,M00024,5,1643934156
U00368,M00164,3,1711500203
U00368,M00026,3,1710632274
U00368,M00135,4,1614940408
U00368,M00199,5,1642102437
U00368,M00007,4,1609729054
U00368,M00084,4,1738740902
U00368,M00079,5,1690539818
U00369,M00189,5,1634222411
U00369,M00105,4,1672739628
U00369,M00039,5,1689701989
U00369,M00190,4,1714525336
U00369,M00033,5,1643038811
U00369,M00080,4,1735586774
U00369,M00110,5,1746201354
U00369,M00048,5,1617283489
U00369,M00016,3,1631183382
U00369,M00040,5,1640045022
U00369,M00042,3,1634929104
U00369,M00112,4,1675288172
U00369,M00061,5,1606880365
U00369,M00163,3,1668555787
U00369,M00181,4,1666223582
U00369,M00081,3,1715248532
U00370,M00137,4,1604672038
U00370,M00162,5,1674291823
U00370,M00176,4,1620190359
U00370,M00106,5,1622710580
U00370,M00100,4,1664454132
U00370,M00019,4,1685078945
U00370,M00079,5,1689196027
U00370,M00002,4,1639748223
U00370,M00181,5,1639417099
U00370,M00136,4,1653649830
U00370,M00087,5,1640805308
U00370,M00013,4,1698244075
U00370,M00084,5,1695874067
U00370,M00165,3,1666276302
U00370,M00058,4,1630187713
U00370,M00135,4,1647949840
U00371,M00096,4,1619316569
U00371,M00181,5,1730726276
U00371,M00087,4,1737057145
U00371,M00105,3,1665379429
U00371,M00122,5,1706128153
U00371,M00169,5,1694661612
U00371,M00183,4,1703157748
U00371,M00174,4,1647742354
U00371,M00190,4,1610375002
U00371,M00018,3,1636224744
U00371,M00114,5,1683779802
U00371,M00058,4,1715838418
U00371,M00066,5,1748101736
U00371,M00007,5,1712947656
U00371,M00093,4,1608268648
U00371,M00165,4,1649517817
U00372,M00162,3,1701940599
U00372,M00195,5,1713656080
U00372,M00185,2,1718446551
U00372,M00121,4,1740300689
U00372,M00119,5,1735343612
U00372,M00104,5,1718578290
U00372,M00177,4,1620018273
U00372,M00134,5,1725890854
U00372,M00083,4,1616183061
U00372,M00193,4,1670457379
U00372,M00103,4,1624836256
U00372,M00019,4,1748589830
U00372,M00150,5,1611463042
U00372,M00094,3,1695130342
U00372,M00045,4,1620589659
U00372,M00167,4,1689026599
U00373,M00107,5,1692652304
U00373,M00190,4,1699950159
U00373,M00081,5,1724972335
U00373,M00007,4,1695868559
U00373,M00136,4,1642423343
U00373,M00040,4,1610525376
U00373,M00067,5,1631542889
U00373,M00123,5,1653610637
U00373,M00101,2,1644331357
U00373,M00163,4,1733766895
U00373,M00008,3,1644487720
U00373,M00120,4,1639403164
U00373,M00010,5,1728241311
U00373,M00087,5,1716296863
U00373,M00096,5,1658103628
U00373,M00181,4,1680986795
U00374,M00152,4,1630654624
U00374,M00073,5,1715681971
U00374,M00184,3,1628111631
U00374,M00133,3,1602614783
U00374,M00033,4,1669139822
U00374,M00112,4,1630050744
U00374,M00105,4,1616673711
U00374,M00048,4,1749924581
U00374,M00107,4,1657144152
U00374,M00199,5,1644462735
U00374,M00077,5,1673160829
U00374,M00038,3,1685601551
U00374,M00061,4,1605227945
U00374,M00172,4,1640396137
U00374,M00040,4,1673204645
U00374,M00015,5,1643537809
U00375,M00093,4,1627383169
U00375,M00063,5,1698396318
U00375,M00114,5,1736929484
U00375,M00190,4,1703225576
U00375,M00067,5,1663522347
U00375,M00097,2,1670484704
U00375,M00136,5,1663463738
U00375,M00087,5,1600204789
U00375,M00180,1,1634714477
U00375,M00061,3,1666394996
U00375,M00140,5,1700041271
U00375,M00040,5,1624205671
U00375,M00165,5,1607907058
U00375,M00163,5,1603601912
U00375,M00015,5,1620400928
U00375,M00007,4,1640124647
U00376,M00196,5,1724873989
U00376,M00002,4,1706755462
U00376,M00036,5,1656433180
U00376,M00192,4,1727961936
U00376,M00116,5,1663502824
U00376,M00041,4,1705591075
U00376,M00072,4,1726330780
U00376,M00055,4,1667858718
U00376,M00030,5,1691979706
U00376,M00011,4,1712513053
U00376,M00138,5,1718137274
U00376,M00109,5,1707325021
U00376,M00096,3,1724168082
U00376,M00104,3,1636061903
U00376,M00019,4,1670109413
U00376,M00137,3,1605959251
U00377,M00019,5,1610818809
U00377,M00196,5,1647927652
U00377,M00100,5,1669472243
U00377,M00097,4,1733124588
U00377,M00091,2,1715611449
U00377,M00020,4,1607601522
U00377,M00012,4,1645182935
U00377,M00059,5,1721383294
U00377,M00002,4,1654302781
U00377,M00093,5,1621270906
U00377,M00079,5,1645200643
U00377,M00007,4,1649437231
U00377,M00169,4,1663474631
U00377,M00135,4,1729147529
U00377,M00022,3,1669619948
U00377,M00137,5,1624547345
U00378,M00071,5,1725524985
U00378,M00073,4,1670440014
U00378,M00176,5,1637958949
U00378,M00054,4,1703248237
U00378,M00115,4,1736760768
U00378,M00111,5,1733102034
U00378,M00189,4,1723772178
U00378,M00125,4,1724105130
U00378,M00156,4,1709932066
U00378,M00188,4,1687075662
U00378,M00172,4,1615255446
U00378,M00101,5,1672061421
U00378,M00148,4,1607769717
U00378,M00094,4,1652233348
U00378,M00186,3,1740084084
U00378,M00167,5,1731203083
U00379,M00003,5,1722196598
U00379,M00043,4,1668735132
U00379,M00095,5,1675392169
U00379,M00078,5,1655460663
U00379,M00186,5,1713646594
U00379,M00157,5,1659635802
U00379,M00124,5,1680125896
U00379,M00058,4,1656479721
U00379,M00104,4,1626863347
U00379,M00179,4,1703137848
U00379,M00185,4,1709354830
U00379,M00031,4,1606379638
U00379,M00017,4,1670710756
U00379,M00155,5,1617122692
U00379,M00056,5,1711121567
U00379,M00165,4,1656451706
U00380,M00163,5,1630571648
U00380,M00181,4,1657083004
U00380,M00006,4,1692065309
U00380,M00002,5,1739080835
U00380,M00137,4,1669553655
U00380,M00129,5,1666908050
U00380,M00165,4,1644499165
U00380,M00093,5,1682488347
U00380,M00183,5,1733692745
U00380,M00136,5,1729029919
U00380,M00135,5,1626513560
U00380,M00042,2,1640379201
U00380,M00096,4,1642672361
U00380,M00067,4,1700636093
U00380,M00142,4,1746658327
U00380,M00190,4,1611100157
U00381,M00158,4,1647800518
U00381,M00025,5,1601007938
U00381,M00111,4,1625647287
U00381,M00071,4,1725525728
U00381,M00185,4,1617891519
U00381,M00094,5,1712186993
U00381,M00029,4,1749876778
U00381,M00102,5,1748198448
U00381,M00031,5,1610686820
U00381,M00157,3,1634501001
U00381,M00156,4,1652381438
U00381,M00187,5,1712057993
U00381,M00182,4,1743721480
U00381,M00137,2,1609541614
U00381,M00088,5,1720015434
U00381,M00037,4,1606557687
U00382,M00185,4,1624343185
U00382,M00057,2,1662229031
U00382,M00092,4,1604871471
U00382,M00074,4,1714150755
U00382,M00049,4,1713553252
U00382,M00174,5,1664671499
U00382,M00190,5,1675982698
U00382,M00067,5,1645006560
U00382,M00124,4,1739543810
U00382,M00180,5,1637709111
U00382,M00108,5,1726328870
U00382,M00078,5,1707607904
U00382,M00179,4,1645613336
U00382,M00181,5,1634618108
U00382,M00157,4,1609303982
U00382,M00155,5,1628369657
U00383,M00027,5,1674571996
U00383,M00127,3,1668351916
U00383,M00120,5,1681772986
U00383,M00183,5,1660123075
U00383,M00114,4,1619086224
U00383,M00169,5,1620230009
U00383,M00163,5,1702862662
U00383,M00130,4,1688560504
U00383,M00084,2,1723809877
U00383,M00006,4,1721715594
U00383,M00165,5,1665825282
U00383,M00123,5,1730625082
U00383,M00067,5,1738093900
U00383,M00112,3,1686627900
U00383,M00007,4,1688310207
U00383,M00096,5,1669276009
U00384,M00199,5,1698005109
U00384,M00130,4,1698597094
U00384,M00010,1,1602098015
U00384,M00076,5,1636024678
U00384,M00163,4,1627966397
U00384,M00053,3,1726124881
U00384,M00144,4,1634395146
U00384,M00067,4,1698862397
U00384,M00093,5,1735068341
U00384,M00006,4,1690292567
U00384,M00007,5,1697147715
U00384,M00087,5,1694619323
U00384,M00038,1,1728329080
U00384,M00114,4,1604218879
U00384,M00096,4,1657659521
U00384,M00169,4,1661326833
U00385,M00124,5,1639348761
U00385,M00179,5,1722379541
U00385,M00154,4,1679717051
U00385,M00155,5,1719707792
U00385,M00141,3,1653446960
U00385,M00049,4,1673624306
U00385,M00037,5,1704563362
U00385,M00157,5,1649247025
U00385,M00092,4,1715343024
U00385,M00017,5,1649563214
U00385,M00161,4,1725330625
U00385,M00185,4,1607855962
U00385,M00144,3,1640987076
U00385,M00186,4,1747310141
U00385,M00111,4,1738239403
U00385,M00085,3,1671351903
U00386,M00026,4,1713072347
U00386,M00164,5,1651786443
U00386,M00168,5,1641140015
U00386,M00021,5,1688827781
U00386,M00053,5,1651948473
U00386,M00042,4,1692625755
U00386,M00133,5,1692264537
U00386,M00154,4,1744731430
U00386,M00139,5,1600043128
U00386,M00122,5,1697330681
U00386,M00199,5,1621985959
U00386,M00191,5,1635086947
U00386,M00063,5,1641765982
U00386,M00027,5,1696149551
U00386,M00141,5,1609743954
U00386,M00184,4,1603870391
U00387,M00007,5,1673014509
U00387,M00002,5,1692399095
U00387,M00181,5,1676723977
U00387,M00067,5,1619501475
U00387,M00096,5,1639770806
U00387,M00165,4,1743155150
U00387,M00150,3,1726819821
U00387,M00183,5,1669823505
U00387,M00190,4,1738279252
U00387,M00120,5,1663763465
U00387,M00063,5,1702503691
U00387,M00118,5,1647475610
U00387,M00093,5,1642536590
U00387,M00163,4,1607144989
U00387,M00024,3,1616653439
U00387,M00019,3,1663546640
U00388,M00088,4,1650835421
U00388,M00060,3,1612761024
U00388,M00038,4,1668560701
U00388,M00134,5,1668907577
U00388,M00103,5,1620855114
U00388,M00121,4,1610972088
U00388,M00127,2,1642840690
U00388,M00150,4,1628381017
U00388,M00022,5,1638060338
U00388,M00177,5,1732888389
U00388,M00085,4,1710935984
U00388,M00167,5,1731149262
U00388,M00195,4,1624817852
U00388,M00182,4,1664709227
U00388,M00160,4,1600905357
U00388,M00193,4,1731139360
U00389,M00160,5,1730044919
U00389,M00083,5,1630182812
U00389,M00093,1,1709979199
U00389,M00022,5,1603581324
U00389,M00119,4,1626660428
U00389,M00150,4,1696844469
U00389,M00134,4,1608767100
U00389,M00197,5,1617444105
U00389,M00057,3,1660709962
U00389,M00018,5,1684701631
U00389,M00116,5,1728574860
U00389,M00088,5,1724663053
U00389,M00167,5,1639265497
U00389,M00159,3,1727932066
U00389,M00193,5,1707654160
U00389,M00195,4,1697167655
U00390,M00124,4,1604424694
U00390,M00174,3,1685677584
U00390,M00096,5,1607186338
U00390,M00093,5,1626511655
U00390,M00169,4,1634147913
U00390,M00123,4,1671074424
U00390,M00115,3,1703074336
U00390,M00050,4,1709081990
U00390,M00190,5,1680261317
U00390,M00004,4,1668062014
U00390,M00007,4,1711315972
U00390,M00165,5,1715838243
U00390,M00118,5,1649518412
U00390,M00181,4,1646545418
U00390,M00183,4,1693035821
U00390,M00067,4,1603163905
U00391,M00042,4,1600852686
U00391,M00040,4,1653825436
U00391,M00105,5,1735491577
U00391,M00133,4,1633987669
U00391,M00039,5,1670576391
U00391,M00139,4,1703100253
U00391,M00080,5,1683997011
U00391,M00073,5,1749626402
U00391,M00154,3,1701360186
U00391,M00142,3,1692933880
U00391,M00119,3,1656854441
U00391,M00107,5,1663307327
U00391,M00033,5,1643134008
U00391,M00077,5,1741703894
U00391,M00149,4,1643271560
U00391,M00061,5,1685629981
U00392,M00134,5,1699636493
U00392,M00168,4,1735539869
U00392,M00132,5,1638228984
U00392,M00185,3,1747382875
U00392,M00150,5,1608819533
U00392,M00121,4,1645733740
U00392,M00110,5,1668679013
U00392,M00167,5,1664803044
U00392,M00193,5,1675648297
U00392,M00044,4,1672106360
U00392,M00092,5,1656849713
U00392,M00088,4,1621944855
U00392,M00131,4,1681811787
U00392,M00180,3,1663062219
U00392,M00038,5,1646740363
U00392,M00103,4,1732140282
U00393,M00075,5,1694362279
U00393,M00040,4,1662980630
U00393,M00061,5,1674408344
U00393,M00056,5,1656530996
U00393,M00106,4,1640379336
U00393,M00091,5,1745492063
U00393,M00048,4,1677108740
U00393,M00033,5,1610211003
U00393,M00170,5,1647533637
U00393,M00180,3,1623231498
U00393,M00148,5,1653207404
U00393,M00089,3,1621919727
U00393,M00078,5,1650526065
U00393,M00110,4,1618794247
U00393,M00039,4,1744145514
U00393,M00077,5,1652126213
U00394,M00070,5,1738610743
U00394,M00095,3,1676971250
U00394,M00040,4,1741908250
U00394,M00149,5,1652678261
U00394,M00011,5,1644815951
U00394,M00075,5,1678712358
U00394,M00105,4,1617729767
U00394,M00065,5,1743643633
U00394,M00015,4,1705829771
U00394,M00164,3,1632021880
U00394,M00138,4,1645132845
U00394,M00048,5,1603472962
U00394,M00001,4,1697980740
U00394,M00110,4,1723351431
U00394,M00061,5,1689893348
U00394,M00039,5,1660953393
U00395,M00109,3,1735764627
U00395,M00004,5,1693785349
U00395,M00074,4,1697550633
U00395,M00087,5,1647941083
U00395,M00056,4,1742300278
U00395,M00060,4,1741746121
U00395,M00174,4,1734218191
U00395,M00155,5,1715375991
U00395,M00157,5,1651927740
U00395,M00078,4,1687829591
U00395,M00095,4,1733591265
U00395,M00081,4,1605094165
U00395,M00092,4,1605777437
U00395,M00181,3,1619930042
U00395,M00108,5,1670847317
U00395,M00124,5,1614235430
U00396,M00170,5,1647608585
U00396,M00048,4,1727807591
U00396,M00142,5,1653056954
U00396,M00172,5,1628675384
U00396,M00124,3,1740016349
U00396,M00073,4,1690469836
U00396,M00147,5,1658610476
U00396,M00033,5,1602873326
U00396,M00105,4,1709905599
U00396,M00112,5,1725918577
U00396,M00010,4,1608909755
U00396,M00166,3,1625885922
U00396,M00069,3,1616992683
U00396,M00159,4,1725350184
U00396,M00040,4,1672845904
U00396,M00075,5,1716349009
U00397,M00106,4,1716746882
U00397,M00199,5,1665451739
U00397,M00024,5,1646061272
U00397,M00148,3,1662525386
U00397,M00143,3,1644502557
U00397,M00154,5,1721611749
U00397,M00027,4,1639653981
U00397,M00153,4,1646448060
U00397,M00191,5,1742167767
U00397,M00187,3,1698768047
U00397,M00042,4,1616525576
U00397,M00152,5,1626193327
U00397,M00026,4,1630462155
U00397,M00139,5,1687179685
U00397,M00064,4,1614640286
U00397,M00133,5,1649557928
U00398,M00165,5,1606252447
U00398,M00160,4,1637749672
U00398,M00101,3,1692944418
U00398,M00183,5,1672311804
U00398,M00036,3,1706469708
U00398,M00169,5,1646544104
U00398,M00076,5,1672890335
U00398,M00007,4,1736505902
U00398,M00081,5,1681255210
U00398,M00087,5,1609346799
U00398,M00134,4,1658474537
U00398,M00006,5,1727321565
U00398,M00047,5,1748114340
U00398,M00122,5,1742640562
U00398,M00118,4,1642292107
U00398,M00093,4,1620304657
U00399,M00073,5,1607367703
U00399,M00119,5,1662636370
U00399,M00010,4,1631084658
U00399,M00038,4,1698186033
U00399,M00193,5,1663187401
U00399,M00100,3,1668884656
U00399,M00023,4,1738441747
U00399,M00177,4,1675973636
U00399,M00148,3,1680192571
U00399,M00121,4,1680978750
U00399,M00094,3,1748415592
U00399,M00160,5,1656487324
U00399,M00088,5,1746908147
U00399,M00105,4,1695355650
U00399,M00150,5,1672023369
U00399,M00131,5,1630139239
U00400,M00181,4,1723602103
U00400,M00169,4,1610284679
U00400,M00114,4,1634867901
U00400,M00007,5,1704545152
U00400,M00163,5,1719957153
U00400,M00086,4,1638113647
U00400,M00002,4,1723681508
U00400,M00162,5,1737354840
U00400,M00095,4,1642582073
U00400,M00051,3,1630385437
U00400,M00019,3,1671764014
U00400,M00137,4,1735083181
U00400,M00120,4,1625529225
U00400,M00165,4,1614962593
U00400,M00006,4,1620181920
U00400,M00118,4,1617525806
U00401,M00154,5,1748659885
U00401,M00134,5,1652395558
U00401,M00021,5,1734956939
U00401,M00161,4,1687427881
U00401,M00193,3,1714402935
U00401,M00018,5,1695982942
U00401,M00191,4,1603523189
U00401,M00139,4,1629210921
U00401,M00133,5,1694163360
U00401,M00152,4,1738906303
U00401,M00178,5,1622464359
U00401,M00026,4,1617386566
U00401,M00048,3,1713614907
U00401,M00164,5,1650999507
U00401,M00168,5,1628079237
U00401,M00199,5,1622063170
U00402,M00179,2,1733949279
U00402,M00096,5,1609698245
U00402,M00154,5,1683161392
U00402,M00139,5,1720107870
U00402,M00064,5,1705958725
U00402,M00042,5,1638056719
U00402,M00007,4,1647090824
U00402,M00191,4,1655555268
U00402,M00152,5,1667184780
U00402,M00164,4,1608676309
U00402,M00053,5,1722723516
U00402,M00122,4,1661323568
U00402,M00076,5,1706704419
U00402,M00161,4,1641650834
U00402,M00026,4,1628458380
U00402,M00130,5,1649672119
U00403,M00048,4,1625904122
U00403,M00071,5,1630940466
U00403,M00162,4,1702352836
U00403,M00106,4,1741106705
U00403,M00097,5,1737958590
U00403,M00158,4,1666624881
U00403,M00052,5,1617728547
U00403,M00100,4,1664370568
U00403,M00143,4,1634660195
U00403,M00079,4,1641052502
U00403,M00104,4,1601970063
U00403,M00053,4,1669835071
U00403,M00135,4,1699117865
U00403,M00002,5,1687963227
U00403,M00182,3,1699393410
U00403,M00013,4,1657841203
U00404,M00053,5,1715828263
U00404,M00164,5,1638293264
U00404,M00184,5,1731949725
U00404,M00001,4,1615608914
U00404,M00061,4,1631769028
U00404,M00154,4,1718710166
U00404,M00168,5,1680538045
U00404,M00133,5,1724925281
U00404,M00064,4,1660325161
U00404,M00021,5,1715890998
U00404,M00027,4,1690861063
U00404,M00192,2,1728230578
U00404,M00193,3,1640023154
U00404,M00144,4,1735492378
U00404,M00199,4,1666205547
U00404,M00035,4,1735794116
U00405,M00162,4,1700068285
U00405,M00139,3,1699825816
U00405,M00175,5,1692703900
U00405,M00054,3,1727999127
U00405,M00142,5,1627159476
U00405,M00104,5,1621454305
U00405,M00106,4,1610499903
U00405,M00100,4,1741818812
U00405,M00024,5,1685856448
U00405,M00135,4,1695760903
U00405,M00115,5,1614438618
U00405,M00179,5,1714033723
U00405,M00068,4,1711666083
U00405,M00013,5,1681654292
U00405,M00094,4,1649238791
U00405,M00156,5,1651251153
U00406,M00033,4,1660284331
U00406,M00044,2,1700860507
U00406,M00019,3,1732614729
U00406,M00149,5,1732283720
U00406,M00105,4,1677534733
U00406,M00107,5,1706997523
U00406,M00155,4,1692522103
U00406,M00110,4,1697512114
U00406,M00073,4,1700862417
U00406,M00172,4,1614699292
U00406,M00039,5,1660853312
U00406,M00189,5,1692237494
U00406,M00075,4,1688112258
U00406,M00157,4,1670584688
U00406,M00010,4,1703481825
U00406,M00048,5,1689101512
U00407,M00095,4,1620259011
U00407,M00021,5,1683634184
U00407,M00029,5,1699329533
U00407,M00155,5,1615722968
U00407,M00174,5,1702593379
U00407,M00060,5,1669326690
U00407,M00037,4,1697608787
U00407,M00179,5,1726156616
U00407,M00186,4,1617822804
U00407,M00145,4,1712086353
U00407,M00124,5,1682851376
U00407,M00185,4,1725022031
U00407,M00157,4,1640565727
U00407,M00144,4,1697450997
U00407,M00092,4,1619534060
U00407,M00194,4,1702397696
U00408,M00055,4,1611215349
U00408,M00049,5,1625709787
U00408,M00032,4,1714625547
U00408,M00124,5,1620570836
U00408,M00078,5,1692652063
U00408,M00074,4,1712208635
U00408,M00179,5,1720487349
U00408,M00092,5,1636127442
U00408,M00070,3,1644504235
U00408,M00145,5,1676507638
U00408,M00060,5,1704109801
U00408,M00053,5,1695942327
U00408,M00159,3,1743778548
U00408,M00095,5,1719783856
U00408,M00138,3,1645774565
U00408,M00037,4,1657690363
U00409,M00100,4,1649612806
U00409,M00019,4,1663838779
U00409,M00196,5,1690183875
U00409,M00138,1,1732792108
U00409,M00162,5,1666361243
U00409,M00172,3,1691752370
U00409,M00024,4,1733213568
U00409,M00084,5,1684849511
U00409,M00143,5,1732978786
U00409,M00111,5,1672351279
U00409,M00135,4,1627765843
U00409,M00002,4,1628711840
U00409,M00112,5,1622794354
U00409,M00059,5,1671286323
U00409,M00073,5,1687414176
U00409,M00012,5,1655249413
U00410,M00103,5,1643373134
U00410,M00034,4,1677256940
U00410,M00160,5,1732101424
U00410,M00088,4,1734597220
U00410,M00119,4,1619349066
U00410,M00038,5,1628033849
U00410,M00197,5,1608270724
U00410,M00085,4,1622194681
U00410,M00150,5,1670318734
U00410,M00121,4,1719234697
U00410,M00018,4,1659117018
U00410,M00022,5,1600665855
U00410,M00116,3,1683457850
U00410,M00131,5,1732062490
U00410,M00193,5,1715778479
U00410,M00132,5,1664399411
U00411,M00118,4,1704132806
U00411,M00120,4,1619039182
U00411,M00041,5,1696774095
U00411,M00028,4,1661334356
U00411,M00066,4,1672069751
U00411,M00096,5,1716594741
U00411,M00123,5,1631392323
U00411,M00093,5,1622243976
U00411,M00007,5,1616714337
U00411,M00165,5,1696078432
U00411,M00169,4,1642510809
U00411,M00076,4,1743986548
U00411,M00074,5,1670412866
U00411,M00116,3,1627219375
U00411,M00122,4,1685195193
U00411,M00017,3,1726511247
U00412,M00045,4,1615684573
U00412,M00065,3,1637773784
U00412,M00166,4,1698392909
U00412,M00121,4,1737628237
U00412,M00150,5,1638331137
U00412,M00038,4,1668775068
U00412,M00103,5,1610102631
U00412,M00041,3,1661637874
U00412,M00088,5,1747402100
U00412,M00023,4,1665785993
U00412,M00195,5,1649847316
U00412,M00160,4,1667150248
U00412,M00177,5,1608871250
U00412,M00018,4,1600923287
U00412,M00167,5,1606049378
U00412,M00085,5,1650993748
U00413,M00060,5,1614370312
U00413,M00108,4,1608408068
U00413,M00056,5,1652328188
U00413,M00067,3,1671210647
U00413,M00007,5,1625580050
U00413,M00180,4,1675329820
U00413,M00004,4,1732448570
U00413,M00136,5,1631905143
U00413,M00053,3,1645240726
U00413,M00186,5,1742150920
U00413,M00074,5,1603729006
U00413,M00037,4,1606589921
U00413,M00066,4,1728419450
U00413,M00185,4,1624811960
U00413,M00017,4,1661245091
U00413,M00174,5,1719596138
U00414,M00158,4,1733048213
U00414,M00050,4,1608809410
U00414,M00181,5,1633102557
U00414,M00114,4,1669350095
U00414,M00156,3,1604768844
U00414,M00163,4,1682891508
U00414,M00133,2,1642026033
U00414,M00087,4,1726975738
U00414,M00007,4,1662500278
U00414,M00120,5,1723422401
U00414,M00136,4,1749043676
U00414,M00183,4,1681007357
U00414,M00071,4,1655951781
U00414,M00118,5,1660115855
U00414,M00082,4,1704593823
U00414,M00122,4,1689796942
U00415,M00171,4,1602506440
U00415,M00033,5,1632581471
U00415,M00036,3,1729926312
U00415,M00148,4,1695774917
U00415,M00010,4,1635035490
U00415,M00073,5,1732600931
U00415,M00011,4,1635438694
U00415,M00048,5,1677351059
U00415,M00105,4,1698066182
U00415,M00039,5,1603420172
U00415,M00001,5,1610479357
U00415,M00002,3,1644771068
U00415,M00170,5,1739860284
U00415,M00061,5,1618255433
U00415,M00075,4,1646549003
U00415,M00110,5,1681729579
U00416,M00070,5,1661158910
U00416,M00192,5,1697668596
U00416,M00115,4,1692440478
U00416,M00036,4,1634326131
U00416,M00057,5,1696995931
U00416,M00109,5,1721565721
U00416,M00158,3,1643197554
U00416,M00116,5,1745180659
U00416,M00197,4,1725197949
U00416,M00071,5,1715565565
U00416,M00098,4,1623052055
U00416,M00083,2,1712464438
U00416,M00030,4,1732512901
U00416,M00159,4,1723317124
U00416,M00147,5,1652321861
U00416,M00016,4,1635387569
U00417,M00156,5,1668361218
U00417,M00015,1,1696770684
U00417,M00190,5,1691861456
U00417,M00094,5,1630157004
U00417,M00188,5,1702315204
U00417,M00176,4,1630731466
U00417,M00101,4,1626326441
U00417,M00115,5,1674733958
U00417,M00003,5,1626350908
U00417,M00067,4,1739453858
U00417,M00111,5,1680105127
U00417,M00031,4,1679199423
U00417,M00182,5,1652225712
U00417,M00043,4,1615222900
U00417,M00008,5,1666612797
U00417,M00075,4,1748086380
U00418,M00133,3,1709140782
U00418,M00017,1,1711443328
U00418,M00184,4,1666150028
U00418,M00161,4,1692540020
U00418,M00057,4,1600928783
U00418,M00070,5,1633298181
U00418,M00138,4,1610074500
U00418,M00069,5,1701139615
U00418,M00055,4,1700166617
U00418,M00171,5,1687879777
U00418,M00011,5,1749275017
U00418,M00033,3,1678426532
U00418,M00197,5,1646215984
U00418,M00009,4,1624689200
U00418,M00062,4,1629829568
U00418,M00192,4,1701916578
U00419,M00057,5,1648255689
U00419,M00072,4,1725433009
U00419,M00009,5,1622765565
U00419,M00192,5,1649228650
U00419,M00106,3,1607091919
U00419,M00159,5,1656826634
U00419,M00109,5,1732034504
U00419,M00013,4,1715360043
U00419,M00197,5,1629068597
U00419,M00070,5,1727199003
U00419,M00116,5,1652318109
U00419,M00028,4,1739932907
U00419,M00170,3,1637290414
U00419,M00166,4,1632650551
U00419,M00104,4,1634865078
U00419,M00036,4,1622299621
U00420,M00139,4,1602207022
U00420,M00029,5,1728294267
U00420,M00111,4,1636042857
U00420,M00178,4,1710631986
U00420,M00154,4,1625479086
U00420,M00184,4,1626817760
U00420,M00164,5,1674562862
U00420,M00192,2,1720827220
U00420,M00152,4,1608543261
U00420,M00121,2,1602409413
U00420,M00168,4,1722938352
U00420,M00199,4,1735226952
U00420,M00021,4,1649626521
U00420,M00026,5,1700618288
U00420,M00161,5,1646588640
U00420,M00042,4,1643277812
U00421,M00150,5,1687306782
U00421,M00088,5,1748223500
U00421,M00121,5,1692069919
U00421,M00177,5,1633945851
U00421,M00103,5,1742600349
U00421,M00110,4,1700935846
U00421,M00024,3,1682276136
U00421,M00018,5,1698895885
U00421,M00193,5,1690555392
U00421,M00134,5,1727851382
U00421,M00085,5,1737096836
U00421,M00100,4,1667793720
U00421,M00104,3,1704287295
U00421,M00119,5,1719148537
U00421,M00045,4,1710652332
U00421,M00093,2,1725621625
U00422,M00015,5,1723884429
U00422,M00024,5,1644731331
U00422,M00033,4,1620758798
U00422,M00084,5,1695014911
U00422,M00104,5,1674661338
U00422,M00097,5,1636012977
U00422,M00051,4,1675260240
U00422,M00110,5,1618614701
U00422,M00080,4,1673534540
U00422,M00196,4,1678497320
U00422,M00054,4,1629040162
U00422,M00173,4,1700192529
U00422,M00039,5,1748899887
U00422,M00142,5,1624330231
U00422,M00135,5,1730992103
U00422,M00100,4,1636906147
U00423,M00163,5,1731080846
U00423,M00174,1,1690112176
U00423,M00086,4,1669501350
U00423,M00087,5,1689639387
U00423,M00050,3,1629585308
U00423,M00041,4,1630126696
U00423,M00138,5,1748830501
U00423,M00096,5,1643197436
U00423,M00140,4,1690230387
U00423,M00093,5,1607138363
U00423,M00066,4,1727722432
U00423,M00123,4,1666184788
U00423,M00122,5,1690082389
U00423,M00169,4,1688206059
U00423,M00069,4,1730721736
U00423,M00081,5,1664340436
U00424,M00053,5,1676981417
U00424,M00051,5,1650113173
U00424,M00027,4,1630174152
U00424,M00199,4,1715086822
U00424,M00021,4,1637875503
U00424,M00144,5,1672801288
U00424,M00094,4,1727434023
U00424,M00117,4,1621899744
U00424,M00191,5,1672430420
U00424,M00178,4,1637478318
U00424,M00173,5,1716111359
U00424,M00056,3,1675809223
U00424,M00162,5,1601097227
U00424,M00026,4,1663515813
U00424,M00184,5,1669070190
U00424,M00139,4,1687946600
U00425,M00179,5,1683191302
U00425,M00017,5,1680513369
U00425,M00194,5,1613101838
U00425,M00124,5,1705081958
U00425,M00060,4,1711596627
U00425,M00078,5,1637261745
U00425,M00154,4,1654275464
U00425,M00042,3,1686723633
U00425,M00062,3,1726482275
U00425,M00199,5,1736425199
U00425,M00092,4,1601730906
U00425,M00157,4,1618820961
U00425,M00088,1,1600507321
U00425,M00074,5,1652306204
U00425,M00155,5,1613623308
U00425,M00185,5,1670456855
U00426,M00191,5,1668114350
U00426,M00093,3,1718893080
U00426,M00095,5,1694014351
U00426,M00017,4,1668608752
U00426,M00126,4,1735446775
U00426,M00152,5,1742231758
U00426,M00184,5,1744595432
U00426,M00027,5,1610054360
U00426,M00141,5,1696264217
U00426,M00021,4,1713819679
U00426,M00168,5,1619442017
U00426,M00078,5,1736516770
U00426,M00108,3,1610461961
U00426,M00042,5,1621566155
U00426,M00199,5,1688770379
U00426,M00133,5,1662194415
U00427,M00115,5,1748774691
U00427,M00079,3,1742994893
U00427,M00092,4,1724400594
U00427,M00097,4,1743428549
U00427,M00003,5,1635019528
U00427,M00046,4,1745296595
U00427,M00111,5,1662705289
U00427,M00176,5,1670433623
U00427,M00099,4,1694483835
U00427,M00182,5,1722211683
U00427,M00094,5,1609447187
U00427,M00020,4,1749422518
U00427,M00156,5,1649843951
U00427,M00195,3,1696461504
U00427,M00043,5,1724228510
U00427,M00158,4,1623418530
U00428,M00048,4,1699066171
U00428,M00109,4,1731798280
U00428,M00039,4,1623396890
U00428,M00105,4,1611955243
U00428,M00112,5,1692762803
U00428,M00040,5,1729463742
U00428,M00107,4,1617544422
U00428,M00110,5,1645307991
U00428,M00148,5,1698360278
U00428,M00192,4,1627390855
U00428,M00033,4,1709965202
U00428,M00170,4,1629847198
U00428,M00010,4,1684178765
U00428,M00087,5,1703635584
U00428,M00069,3,1635923474
U00428,M00154,4,1634827342
U00429,M00102,4,1604021332
U00429,M00019,5,1689137487
U00429,M00173,4,1678673874
U00429,M00115,4,1690921409
U00429,M00142,5,1673881523
U00429,M00002,4,1644640653
U00429,M00106,4,1609559145
U00429,M00135,5,1652517928
U00429,M00100,5,1674730954
U00429,M00009,4,1629315312
U00429,M00104,5,1706055896
U00429,M00024,5,1627959472
U00429,M00013,4,1738796177
U00429,M00028,4,1614743087
U00429,M00084,5,1635283914
U00429,M00159,3,1651998559
U00430,M00145,4,1698041763
U00430,M00037,4,1603213551
U00430,M00197,3,1746687383
U00430,M00087,5,1707996516
U00430,M00078,5,1724925483
U00430,M00074,5,1650967524
U00430,M00113,5,1671857110
U00430,M00057,5,1708282599
U00430,M00174,5,1631825743
U00430,M00194,4,1732737560
U00430,M00062,4,1674309609
U00430,M00056,5,1689546286
U00430,M00157,4,1618473831
U00430,M00021,5,1660059536
U00430,M00186,5,1619167434
U00430,M00092,4,1694137489
U00431,M00193,5,1609531232
U00431,M00134,5,1691939351
U00431,M00096,2,1610747297
U00431,M00044,5,1712570713
U00431,M00150,4,1670307551
U00431,M00183,2,1645256533
U00431,M00083,5,1704169652
U00431,M00016,5,1749471215
U00431,M00160,5,1698442488
U00431,M00121,5,1644418450
U00431,M00042,3,1646152488
U00431,M00045,5,1633246963
U00431,M00126,5,1706955985
U00431,M00018,5,1653971969
U00431,M00027,3,1674510295
U00431,M00021,3,1652648276
U00432,M00097,4,1636338391
U00432,M00143,5,1680039155
U00432,M00106,4,1740085929
U00432,M00079,4,1737884126
U00432,M00086,3,1701533893
U00432,M00135,4,1622014666
U00432,M00111,3,1679253701
U00432,M00153,5,1605302123
U00432,M00082,5,1746829949
U00432,M00175,5,1631250317
U00432,M00190,4,1643525528
U00432,M00024,4,1650425965
U00432,M00051,5,1724589731
U00432,M00196,4,1630257061
U00432,M00094,4,1654064149
U00432,M00156,5,1688895985
U00433,M00027,5,1650489143
U00433,M00117,5,1623651559
U00433,M00139,5,1743993117
U00433,M00135,5,1705654519
U00433,M00164,4,1693216180
U00433,M00021,5,1649664492
U00433,M00083,3,1660100946
U00433,M00133,5,1741739688
U00433,M00168,4,1684578949
U00433,M00152,5,1684952734
U00433,M00154,4,1742989032
U00433,M00013,5,1625499711
U00433,M00059,4,1748146052
U00433,M00106,4,1711806541
U00433,M00026,5,1717460769
U00433,M00175,4,1673162890
U00434,M00109,3,1702158152
U00434,M00066,5,1617786486
U00434,M00076,4,1609340815
U00434,M00163,4,1602407293
U00434,M00190,5,1732847508
U00434,M00181,5,1682708292
U00434,M00050,4,1629917899
U00434,M00030,3,1721000186
U00434,M00166,5,1719823751
U00434,M00096,5,1743342826
U00434,M00122,4,1654370535
U00434,M00043,5,1636496183
U00434,M00007,4,1719240600
U00434,M00067,4,1669814816
U00434,M00006,5,1714863196
U00434,M00118,4,1698131482
U00435,M00093,5,1689910794
U00435,M00133,4,1646918010
U00435,M00096,5,1613631270
U00435,M00139,4,1720472445
U00435,M00164,3,1741310133
U00435,M00157,4,1663742298
U00435,M00114,5,1637303513
U00435,M00007,5,1662084750
U00435,M00171,4,1726291473
U00435,M00199,4,1733386225
U00435,M00169,5,1742992459
U00435,M00081,4,1614801269
U00435,M00190,5,1614202854
U00435,M00183,4,1735311094
U00435,M00120,5,1703940985
U00435,M00006,5,1633048407
U00436,M00137,2,1714508742
U00436,M00026,5,1633826161
U00436,M00053,4,1721035387
U00436,M00021,5,1624534221
U00436,M00154,5,1689209926
U00436,M00037,3,1636805523
U00436,M00126,5,1665134463
U00436,M00027,5,1640816837
U00436,M00141,5,1630054074
U00436,M00164,5,1684938351
U00436,M00198,4,1638893455
U00436,M00042,5,1712990078
U00436,M00177,5,1624747852
U00436,M00038,5,1630248625
U00436,M00150,4,1692872876
U00436,M00144,4,1647850923
U00437,M00129,5,1670503446
U00437,M00081,5,1748620272
U00437,M00113,3,1603515083
U00437,M00067,5,1649546737
U00437,M00019,4,1654504677
U00437,M00093,4,1675264289
U00437,M00165,4,1648136816
U00437,M00066,4,1610217787
U00437,M00181,4,1629493812
U00437,M00137,5,1710296002
U00437,M00100,4,1669971302
U00437,M00096,5,1658058476
U00437,M00071,4,1715219341
U00437,M00006,5,1696895267
U00437,M00190,4,1708416243
U00437,M00114,5,1618346556
U00438,M00089,4,1601859571
U00438,M00121,4,1741453060
U00438,M00143,4,1622554953
U00438,M00153,5,1677711245
U00438,M00175,5,1652357815
U00438,M00162,4,1714665669
U00438,M00160,5,1644751481
U00438,M00135,4,1722870306
U00438,M00013,4,1676338273
U00438,M00173,5,1649140890
U00438,M00104,5,1686806222
U00438,M00002,4,1640032687
U00438,M00097,5,1699893554
U00438,M00087,2,1721323232
U00438,M00100,5,1692997760
U00438,M00019,4,1717679445
U00439,M00085,4,1602719910
U00439,M00169,5,1738394599
U00439,M00119,4,1617665422
U00439,M00114,4,1660864459
U00439,M00007,5,1701841201
U00439,M00083,5,1724476596
U00439,M00163,4,1686496908
U00439,M00004,3,1748986934
U00439,M00190,5,1660393261
U00439,M00132,5,1637099235
U00439,M00136,5,1607243345
U00439,M00087,5,1737821666
U00439,M00134,5,1600412068
U00439,M00183,5,1704883600
U00439,M00181,5,1694313702
U00439,M00067,4,1623707898
U00440,M00087,4,1656669550
U00440,M00163,5,1740482404
U00440,M00006,5,1681140465
U00440,M00184,3,1619535643
U00440,M00042,4,1618282042
U00440,M00165,5,1628685198
U00440,M00128,4,1735428791
U00440,M00181,5,1652261836
U00440,M00021,4,1667052516
U00440,M00122,5,1612889469
U00440,M00070,3,1699881575
U00440,M00081,5,1709052556
U00440,M00066,4,1613177379
U00440,M00096,5,1637876026
U00440,M00007,4,1674969619
U00440,M00136,5,1704934240
U00441,M00150,4,1621151288
U00441,M00033,4,1695801480
U00441,M00159,2,1731676529
U00441,M00019,4,1633931178
U00441,M00044,4,1687442105
U00441,M00121,4,1697478749
U00441,M00018,4,1740012912
U00441,M00045,4,1678153158
U00441,M00088,5,1631562041
U00441,M00160,5,1729898625
U00441,M00083,5,1626592308
U00441,M00085,5,1694327860
U00441,M00010,4,1603172010
U00441,M00167,5,1705403460
U00441,M00103,5,1679676317
U00441,M00040,3,1739026660
U00442,M00144,5,1701333092
U00442,M00017,5,1614081302
U00442,M00156,1,1729693530
U00442,M00124,5,1728162059
U00442,M00174,4,1672582126
U00442,M00145,5,1695315718
U00442,M00103,4,1703805378
U00442,M00060,5,1709422888
U00442,M00152,3,1683006294
U00442,M00092,5,1600342589
U00442,M00155,5,1747510674
U00442,M00108,4,1690693781
U00442,M00178,5,1646531648
U00442,M00199,3,1637857908
U00442,M00179,5,1712973716
U00442,M00186,5,1653082636
U00443,M00144,5,1699158889
U00443,M00092,5,1708823487
U00443,M00042,4,1635278487
U00443,M00021,4,1646098783
U00443,M00139,5,1624232982
U00443,M00064,5,1641484217
U00443,M00164,4,1723980343
U00443,M00184,5,1731561205
U00443,M00133,4,1625233027
U00443,M00026,4,1623676341
U00443,M00123,3,1714745391
U00443,M00126,5,1654328442
U00443,M00141,4,1654753472
U00443,M00124,3,1708910005
U00443,M00078,4,1726458827
U00443,M00161,4,1691394590
U00444,M00144,5,1706190716
U00444,M00030,4,1662549301
U00444,M00127,4,1701659397
U00444,M00037,2,1718868524
U00444,M00178,5,1623580793
U00444,M00062,3,1624520281
U00444,M00154,4,1658653715
U00444,M00164,5,1719745998
U00444,M00042,5,1700722503
U00444,M00035,5,1709761205
U00444,M00109,4,1643304861
U00444,M00070,4,1714424735
U00444,M00139,5,1604834357
U00444,M00133,5,1741579495
U00444,M00069,5,1611070325
U00444,M00199,4,1676228273
U00445,M00114,5,1637512415
U00445,M00172,5,1603324141
U00445,M00075,3,1656027844
U00445,M00107,4,1729778452
U00445,M00165,5,1734633555
U00445,M00181,5,1712880090
U00445,M00013,2,1745078084
U00445,M00061,3,1630164981
U00445,M00087,5,1681053016
U00445,M00122,4,1717581656
U00445,M00123,5,1688710975
U00445,M00183,4,1738796100
U00445,M00067,5,1730920637
U00445,M00151,5,1605204863
U00445,M00129,5,1632542148
U00445,M00096,5,1640657447
U00446,M00024,5,1727721263
U00446,M00002,4,1726986832
U00446,M00165,4,1748645460
U00446,M00084,4,1626501960
U00446,M00100,5,1627324517
U00446,M00118,4,1637231631
U00446,M00105,1,1717579819
U00446,M00087,3,1674700612
U00446,M00019,4,1633129878
U00446,M00135,5,1738474237
U00446,M00143,5,1644380815
U00446,M00013,5,1661328797
U00446,M00079,5,1669885886
U00446,M00162,4,1684132121
U00446,M00163,3,1747185290
U00446,M00154,2,1691171864
U00447,M00063,4,1608081776
U00447,M00042,4,1669868235
U00447,M00114,4,1715525856
U00447,M00190,5,1731172789
U00447,M00081,5,1701223747
U00447,M00006,4,1601194102
U00447,M00085,2,1735787497
U00447,M00066,4,1714133829
U00447,M00120,5,1634502729
U00447,M00093,5,1739785537
U00447,M00067,4,1623824839
U00447,M00007,5,1608313037
U00447,M00086,5,1608114650
U00447,M00037,4,1704474639
U00447,M00108,4,1749262187
U00447,M00087,5,1673118620
U00448,M00135,3,1674863891
U00448,M00164,5,1721497851
U00448,M00144,4,1600199421
U00448,M00176,4,1652670972
U00448,M00102,5,1675644820
U00448,M00026,4,1683786738
U00448,M00050,3,1603703040
U00448,M00158,4,1667966725
U00448,M00184,4,1683120610
U00448,M00111,5,1603192136
U00448,M00042,5,1639386564
U00448,M00133,5,1741322659
U00448,M00191,5,1655501622
U00448,M00199,4,1651916429
U00448,M00139,4,1655935745
U00448,M00021,4,1695053991
U00449,M00004,4,1650036713
U00449,M00124,4,1703514369
U00449,M00155,5,1619948964
U00449,M00092,5,1718878920
U00449,M00074,5,1661558246
U00449,M00113,4,1703615441
U00449,M00024,5,1687371921
U00449,M00051,4,1711097231
U00449,M00157,4,1744065786
U00449,M00180,5,1724409922
U00449,M00078,5,1661276126
U00449,M00056,5,1705318648
U00449,M00094,2,1663998534
U00449,M00060,5,1607497071
U00449,M00179,5,1713987781
U00449,M00185,5,1699789534
U00450,M00038,5,1729895114
U00450,M00031,4,1613841747
U00450,M00022,5,1734022021
U00450,M00160,5,1633295599
U00450,M00195,5,1713108636
U00450,M00121,5,1616088241
U00450,M00193,5,1689698296
U00450,M00043,4,1645439216
U00450,M00029,5,1676094056
U00450,M00148,2,1606612277
U00450,M00003,3,1697871974
U00450,M00018,5,1609383519
U00450,M00083,5,1658336967
U00450,M00045,4,1641072391
U00450,M00030,2,1669078518
U00450,M00132,5,1633130415
U00451,M00092,4,1720031554
U00451,M00157,5,1667280802
U00451,M00104,5,1713214701
U00451,M00024,5,1694392292
U00451,M00193,5,1677217210
U00451,M00137,5,1707088225
U00451,M00142,4,1728951823
U00451,M00013,4,1657226872
U00451,M00002,5,1631923679
U00451,M00175,5,1602707089
U00451,M00060,5,1659075709
U00451,M00019,5,1634847880
U00451,M00162,5,1715160149
U00451,M00052,5,1605179374
U00451,M00079,4,1665234508
U00451,M00100,4,1624368615
U00452,M00110,3,1678888076
U00452,M00192,5,1603831082
U00452,M00167,5,1655087783
U00452,M00116,5,1631981776
U00452,M00030,5,1724817419
U00452,M00119,4,1671953825
U00452,M00098,4,1710797205
U00452,M00097,5,1602478352
U00452,M00041,4,1690173409
U00452,M00057,4,1706880737
U00452,M00138,4,1643311222
U00452,M00197,4,1614757404
U00452,M00069,5,1637051557
U00452,M00050,4,1609017739
U00452,M00171,4,1701991875
U00452,M00045,3,1664063330
U00453,M00184,4,1616221544
U00453,M00191,4,1725548047
U00453,M00029,3,1743434627
U00453,M00008,3,1732218663
U00453,M00126,5,1686726664
U00453,M00188,3,1611416436
U00453,M00071,4,1744543136
U00453,M00025,3,1721905642
U00453,M00102,3,1714732868
U00453,M00152,4,1716496776
U00453,M00139,4,1689198439
U00453,M00027,4,1673360834
U00453,M00141,5,1611398780
U00453,M00178,4,1709294928
U00453,M00133,4,1712161889
U00453,M00154,4,1640857204
U00454,M00181,4,1727745220
U00454,M00190,5,1602542950
U00454,M00096,4,1613287182
U00454,M00163,4,1655901972
U00454,M00093,4,1688574494
U00454,M00076,5,1643588892
U00454,M00015,5,1656936893
U00454,M00007,5,1732752531
U00454,M00148,3,1696511949
U00454,M00114,5,1644933876
U00454,M00067,5,1663421812
U00454,M00183,4,1632336316
U00454,M00004,2,1616436038
U00454,M00081,5,1652725528
U00454,M00080,5,1736691455
U00454,M00087,5,1730482507
U00455,M00033,4,1612938703
U00455,M00091,4,1628727799
U00455,M00045,4,1748484374
U00455,M00168,3,1661739311
U00455,M00022,5,1721870782
U00455,M00103,3,1702336951
U00455,M00107,5,1745973454
U00455,M00083,5,1638501659
U00455,M00080,5,1641334079
U00455,M00075,4,1727458752
U00455,M00170,5,1680442211
U00455,M00061,4,1693891161
U00455,M00010,4,1637789438
U00455,M00073,5,1628539995
U00455,M00040,4,1640216951
U00455,M00039,5,1663164921
U00456,M00080,4,1652906271
U00456,M00168,4,1685310229
U00456,M00075,5,1603226172
U00456,M00048,4,1730078134
U00456,M00091,5,1704364304
U00456,M00061,5,1603115101
U00456,M00161,5,1675763580
U00456,M00033,4,1612268764
U00456,M00172,5,1711595582
U00456,M00184,5,1675242996
U00456,M00040,4,1702764445
U00456,M00073,4,1655263998
U00456,M00010,5,1627053581
U00456,M00171,3,1601139778
U00456,M00107,4,1681924913
U00456,M00001,5,1712373111
U00457,M00049,5,1702120345
U00457,M00057,1,1602958235
U00457,M00124,4,1675913701
U00457,M00078,4,1744336917
U00457,M00108,4,1610206947
U00457,M00145,4,1637362540
U00457,M00113,5,1683328263
U00457,M00185,4,1677888737
U00457,M00180,4,1724548343
U00457,M00092,4,1601692569
U00457,M00167,4,1675790647
U00457,M00186,5,1746334529
U00457,M00150,5,1620704690
U00457,M00017,5,1687949542
U00457,M00074,4,1697024521
U00457,M00037,5,1635399036
U00458,M00044,4,1710248582
U00458,M00083,4,1666451881
U00458,M00089,5,1600563075
U00458,M00103,5,1669315538
U00458,M00085,5,1737026458
U00458,M00150,5,1714601311
U00458,M00038,5,1672798682
U00458,M00144,4,1648570704
U00458,M00195,4,1713679258
U00458,M00073,4,1620431028
U00458,M00177,5,1742605320
U00458,M00119,4,1743151817
U00458,M00045,4,1628531587
U00458,M00018,4,1611139821
U00458,M00160,4,1605933507
U00458,M00015,4,1611530763
U00459,M00031,5,1749489921
U00459,M00096,4,1741626629
U00459,M00076,4,1676374495
U00459,M00190,4,1622628386
U00459,M00176,4,1709565835
U00459,M00111,5,1739422471
U00459,M00102,4,1610937993
U00459,M00101,5,1693579724
U00459,M00100,4,1620201315
U00459,M00125,4,1628454010
U00459,M00029,5,1703748571
U00459,M00153,4,1749183581
U00459,M00094,5,1624226758
U00459,M00025,5,1741727035
U00459,M00034,5,1637224346
U00459,M00115,4,1609046635
U00460,M00102,5,1647428528
U00460,M00122,4,1631315906
U00460,M00182,5,1723940162
U00460,M00007,3,1610867274
U00460,M00043,4,1673515991
U00460,M00192,4,1651395856
U00460,M00115,5,1605169499
U00460,M00067,5,1658392950
U00460,M00025,4,1662804363
U00460,M00046,5,1737748850
U00460,M00187,4,1724806150
U00460,M00188,5,1619594165
U00460,M00035,4,1614217934
U00460,M00158,5,1635960203
U00460,M00114,4,1742744701
U00460,M00099,4,1671741982
U00461,M00159,4,1635265872
U00461,M00104,4,1677702760
U00461,M00197,4,1636207284
U00461,M00051,4,1712535905
U00461,M00180,3,1639932454
U00461,M00100,5,1604289685
U00461,M00173,5,1710719285
U00461,M00137,5,1689635976
U00461,M00162,5,1616332981
U00461,M00059,4,1612680137
U00461,M00057,5,1716981433
U00461,M00175,5,1626716724
U00461,M00024,4,1649245103
U00461,M00041,4,1644561353
U00461,M00002,4,1674666863
U00461,M00147,4,1705103103
U00462,M00034,4,1605348634
U00462,M00115,5,1629525785
U00462,M00125,5,1651518238
U00462,M00188,5,1612174787
U00462,M00101,5,1640602652
U00462,M00156,5,1716753989
U00462,M00003,5,1726749634
U00462,M00029,5,1726382687
U00462,M00031,4,1685634907
U00462,M00082,5,1603001988
U00462,M00163,3,1616638246
U00462,M00054,4,1688546152
U00462,M00071,5,1601347016
U00462,M00111,5,1607644344
U00462,M00081,4,1719561803
U00462,M00024,5,1709105225
U00463,M00059,5,1706313740
U00463,M00148,5,1730184587
U00463,M00155,3,1716026355
U00463,M00104,5,1615143642
U00463,M00100,4,1657657840
U00463,M00110,3,1668013782
U00463,M00073,5,1630174380
U00463,M00075,3,1684186929
U00463,M00106,4,1735176558
U00463,M00024,4,1692545283
U00463,M00139,2,1643223918
U00463,M00002,4,1683364962
U00463,M00143,4,1612978257
U00463,M00097,5,1664895044
U00463,M00137,5,1667277101
U00463,M00051,5,1634172394
U00464,M00013,5,1666035467
U00464,M00051,5,1719001242
U00464,M00175,5,1626822925
U00464,M00104,4,1644762556
U00464,M00093,3,1673559212
U00464,M00067,4,1632058437
U00464,M00158,3,1646172359
U00464,M00097,4,1740321779
U00464,M00012,4,1707434951
U00464,M00163,3,1724342891
U00464,M00019,5,1715025581
U00464,M00122,4,1617677084
U00464,M00162,4,1616226769
U00464,M00002,5,1684467456
U00464,M00020,4,1668537362
U00464,M00135,4,1641765670
U00465,M00182,4,1645819634
U00465,M00082,5,1651952543
U00465,M00087,3,1601741914
U00465,M00102,5,1695877305
U00465,M00158,4,1701470400
U00465,M00046,5,1740852860
U00465,M00188,5,1665499644
U00465,M00163,5,1653506209
U00465,M00029,5,1609781983
U00465,M00193,1,1655910268
U00465,M00118,5,1709856002
U00465,M00003,5,1712935549
U00465,M00128,4,1622618410
U00465,M00094,4,1621512897
U00465,M00190,3,1619660788
U00465,M00067,3,1744187522
U00466,M00154,2,1745415748
U00466,M00093,4,1715984402
U00466,M00007,4,1728081869
U00466,M00181,5,1608266253
U00466,M00165,5,1620001108
U00466,M00096,5,1674506224
U00466,M00118,4,1715181636
U00466,M00074,5,1601390758
U00466,M00006,5,1730833771
U00466,M00114,5,1667903606
U00466,M00193,5,1721293686
U00466,M00129,5,1687396065
U00466,M00163,4,1636390768
U00466,M00108,5,1667661975
U00466,M00032,4,1748417493
U00466,M00183,4,1640243372
U00467,M00046,4,1745350009
U00467,M00145,2,1633174947
U00467,M00188,5,1606101503
U00467,M00111,4,1605286919
U00467,M00026,3,1661689054
U00467,M00154,4,1730818004
U00467,M00138,5,1645189237
U00467,M00184,5,1749623814
U00467,M00043,4,1699786379
U00467,M00042,5,1712183451
U00467,M00082,4,1658145636
U00467,M00031,4,1742862183
U00467,M00029,5,1625997332
U00467,M00094,4,1623206523
U00467,M00008,4,1603287468
U00467,M00003,5,1695198377
U00468,M00062,2,1663095915
U00468,M00101,5,1670773891
U00468,M00188,5,1626066044
U00468,M00199,5,1729886581
U00468,M00154,5,1721622675
U00468,M00133,5,1687189834
U00468,M00184,4,1688394234
U00468,M00021,5,1711242440
U00468,M00126,4,1600726532
U00468,M00043,5,1620828319
U00468,M00035,4,1687080428
U00468,M00117,5,1602290358
U00468,M00191,5,1707987170
U00468,M00164,4,1621956436
U00468,M00144,5,1725078031
U00468,M00042,5,1610054977
U00469,M00054,5,1620657906
U00469,M00082,5,1649359224
U00469,M00115,4,1702108966
U00469,M00101,5,1702589947
U00469,M00012,4,1622627577
U00469,M00111,5,1733191536
U00469,M00106,5,1694750577
U00469,M00003,5,1612776787
U00469,M00176,4,1713411418
U00469,M00100,4,1697136878
U00469,M00052,5,1683336209
U00469,M00051,5,1659196992
U00469,M00094,4,1646084346
U00469,M00031,5,1621549130
U00469,M00071,4,1705723094
U00469,M00156,5,1668641428
U00470,M00141,4,1629673575
U00470,M00115,3,1725145980
U00470,M00058,4,1611403278
U00470,M00139,5,1670550312
U00470,M00164,5,1638001020
U00470,M00183,5,1649636815
U00470,M00184,4,1718950568
U00470,M00154,5,1703821612
U00470,M00198,5,1716804000
U00470,M00127,5,1644288126
U00470,M00021,5,1732348122
U00470,M00017,4,1601083225
U00470,M00133,5,1605760960
U00470,M00152,5,1695215633
U00470,M00180,5,1683495795
U00470,M00199,4,1704466816
U00471,M00063,5,1639953668
U00471,M00060,5,1748906874
U00471,M00136,4,1671371041
U00471,M00087,5,1688611148
U00471,M00169,4,1661567759
U00471,M00120,4,1699792505
U00471,M00067,5,1698289166
U00471,M00039,3,1668759991
U00471,M00096,5,1708196331
U00471,M00083,4,1742420676
U00471,M00114,4,1670463739
U00471,M00165,5,1709569253
U00471,M00157,3,1684622346
U00471,M00081,4,1674213816
U00471,M00006,5,1734219740
U00471,M00056,3,1691779828
U00472,M00154,3,1728894646
U00472,M00071,4,1728998472
U00472,M00179,4,1634699258
U00472,M00060,5,1682890011
U00472,M00037,5,1621501213
U00472,M00101,4,1692098698
U00472,M00102,4,1708948880
U00472,M00187,5,1698274967
U00472,M00003,5,1641177386
U00472,M00177,4,1628829589
U00472,M00099,5,1748974717
U00472,M00158,5,1735936358
U00472,M00156,4,1729528718
U00472,M00182,5,1618653903
U00472,M00046,5,1701984831
U00472,M00115,5,1706448570
U00473,M00168,3,1729619207
U00473,M00162,4,1696496221
U00473,M00196,5,1662827340
U00473,M00019,4,1643107696
U00473,M00135,5,1671501088
U00473,M00173,4,1666914551
U00473,M00104,5,1622335043
U00473,M00038,1,1608162829
U00473,M00164,4,1606805398
U00473,M00024,4,1715264827
U00473,M00020,4,1716956272
U00473,M00097,4,1680654713
U00473,M00199,4,1739416603
U00473,M00183,4,1629185006
U00473,M00013,4,1672527114
U00473,M00026,3,1613578668
U00474,M00033,5,1665620604
U00474,M00073,5,1744647669
U00474,M00105,5,1612428133
U00474,M00091,4,1634058860
U00474,M00185,3,1708956839
U00474,M00139,3,1659180662
U00474,M00007,3,1716878466
U00474,M00200,5,1721072227
U00474,M00189,5,1602564154
U00474,M00148,4,1608050158
U00474,M00040,4,1698378743
U00474,M00077,5,1610809612
U00474,M00170,4,1644866704
U00474,M00061,5,1612105859
U00474,M00010,5,1612927900
U00474,M00086,5,1600251147
U00475,M00006,5,1632627293
U00475,M00061,3,1642980075
U00475,M00163,5,1734675802
U00475,M00114,4,1604065968
U00475,M00087,5,1714867044
U00475,M00067,5,1600903063
U00475,M00039,5,1617755650
U00475,M00190,4,1651630867
U00475,M00183,4,1606612226
U00475,M00112,3,1695702604
U00475,M00015,5,1618328414
U00475,M00165,5,1648435773
U00475,M00007,4,1648040976
U00475,M00024,3,1638441524
U00475,M00136,4,1748306330
U00475,M00170,4,1678632792
U00476,M00085,4,1648142571
U00476,M00111,1,1681503571
U00476,M00057,4,1677926424
U00476,M00117,3,1615065950
U00476,M00050,4,1737561961
U00476,M00171,4,1693416822
U00476,M00159,4,1662050396
U00476,M00138,5,1612343563
U00476,M00027,4,1638076015
U00476,M00036,4,1679484124
U00476,M00116,4,1629629408
U00476,M00109,5,1690907579
U00476,M00070,4,1689163774
U00476,M00139,4,1605218545
U00476,M00041,5,1744050997
U00476,M00026,3,1616452419
U00477,M00186,4,1632899144
U00477,M00011,3,1733212257
U00477,M00176,4,1682597712
U00477,M00154,1,1632869452
U00477,M00082,4,1644437232
U00477,M00005,4,1713463799
U00477,M00180,4,1738508205
U00477,M00185,5,1673714847
U00477,M00145,5,1665693156
U00477,M00179,4,1632420657
U00477,M00187,3,1662222347
U00477,M00124,4,1675493451
U00477,M00017,4,1651103639
U00477,M00037,4,1723202154
U00477,M00092,5,1689040010
U00477,M00115,4,1713397413
U00478,M00101,5,1662730188
U00478,M00071,5,1729625510
U00478,M00182,4,1732613371
U00478,M00039,4,1673042035
U00478,M00158,4,1694950274
U00478,M00003,5,1637707197
U00478,M00136,4,1648088670
U00478,M00105,4,1725742473
U00478,M00031,5,1675750889
U00478,M00156,5,1693835630
U00478,M00094,4,1729520263
U00478,M00040,5,1617751158
U00478,M00111,4,1737041772
U00478,M00115,5,1675066781
U00478,M00001,3,1732378622
U00478,M00082,4,1681588475
U00479,M00101,3,1636837249
U00479,M00060,5,1654238891
U00479,M00179,4,1686914448
U00479,M00082,5,1726571115
U00479,M00145,5,1695328196
U00479,M00008,4,1664475222
U00479,M00113,4,1682770458
U00479,M00074,4,1694438045
U00479,M00017,4,1607165098
U00479,M00004,5,1693721286
U00479,M00181,2,1727478295
U00479,M00092,4,1645533526
U00479,M00078,4,1747389963
U00479,M00157,4,1714393631
U00479,M00005,4,1732958616
U00479,M00186,5,1737680321
U00480,M00154,3,1715601755
U00480,M00053,4,1705821717
U00480,M00190,4,1621857646
U00480,M00007,5,1714995577
U00480,M00136,4,1604422272
U00480,M00127,3,1693143154
U00480,M00192,2,1655355943
U00480,M00081,4,1739406983
U00480,M00093,5,1710218319
U00480,M00120,5,1695632900
U00480,M00006,5,1727795832
U00480,M00169,4,1717132374
U00480,M00129,5,1654102017
U00480,M00025,3,1622728728
U00480,M00087,4,1625120052
U00480,M00183,5,1633355296
U00481,M00103,4,1685441070
U00481,M00137,3,1690807531
U00481,M00113,4,1640933455
U00481,M00124,4,1716917235
U00481,M00155,4,1688289011
U00481,M00179,5,1642040945
U00481,M00186,5,1614408333
U00481,M00056,4,1731789197
U00481,M00150,4,1697265303
U00481,M00058,5,1605579608
U00481,M00067,3,1627319153
U00481,M00145,5,1632229717
U00481,M00005,4,1665623072
U00481,M00092,4,1741469252
U00481,M00017,5,1660523663
U00481,M00160,5,1678386539
U00482,M00096,5,1630038226
U00482,M00169,5,1687398965
U00482,M00165,5,1719931537
U00482,M00139,1,1682645498
U00482,M00002,3,1704183033
U00482,M00163,4,1623344206
U00482,M00181,5,1663702068
U00482,M00140,5,1630722067
U00482,M00087,5,1715127356
U00482,M00183,5,1639931455
U00482,M00137,5,1643015652
U00482,M00063,5,1689985767
U00482,M00122,5,1732341759
U00482,M00142,5,1635772441
U00482,M00176,3,1641479941
U00482,M00123,5,1700293056
U00483,M00037,1,1689033680
U00483,M00028,4,1608176538
U00483,M00098,4,1606896234
U00483,M00093,3,1632476252
U00483,M00030,5,1693294147
U00483,M00069,4,1734474341
U00483,M00065,4,1693513960
U00483,M00050,4,1647455895
U00483,M00183,3,1703337757
U00483,M00006,5,1725597318
U00483,M00041,5,1688578068
U00483,M00192,5,1609895403
U00483,M00138,5,1698472581
U00483,M00116,5,1640339392
U00483,M00056,3,1673370685
U00483,M00109,4,1729177861
U00484,M00121,4,1649534376
U00484,M00073,1,1738339245
U00484,M00023,5,1602049283
U00484,M00180,5,1637035867
U00484,M00155,4,1658584346
U00484,M00004,5,1729552633
U00484,M00038,4,1740790228
U00484,M00088,4,1713137902
U00484,M00016,4,1648611858
U00484,M00160,5,1641157191
U00484,M00195,4,1603944874
U00484,M00083,4,1600711604
U00484,M00177,4,1743080976
U00484,M00150,4,1740411687
U00484,M00078,4,1685246270
U00484,M00134,5,1727848096
U00485,M00190,5,1744628795
U00485,M00087,4,1746575705
U00485,M00039,4,1605835500
U00485,M00163,4,1746700507
U00485,M00183,5,1695746790
U00485,M00165,4,1697967323
U00485,M00096,4,1675504640
U00485,M00114,4,1632909360
U00485,M00169,5,1645866594
U00485,M00189,3,1612464904
U00485,M00129,4,1607381299
U00485,M00081,5,1745851096
U00485,M00007,5,1723287284
U00485,M00110,4,1680450753
U00485,M00075,5,1708030066
U00485,M00143,4,1682666632
U00486,M00009,4,1725066265
U00486,M00152,4,1745551287
U00486,M00050,4,1611949175
U00486,M00116,5,1628608755
U00486,M00036,5,1643114313
U00486,M00057,4,1654747510
U00486,M00126,4,1641459589
U00486,M00144,5,1651899781
U00486,M00041,4,1679192982
U00486,M00098,4,1606117029
U00486,M00070,5,1636706336
U00486,M00138,5,1666305731
U00486,M00069,5,1737546220
U00486,M00134,3,1729343529
U00486,M00029,4,1733621754
U00486,M00011,4,1605873616
U00487,M00134,5,1607047000
U00487,M00018,4,1705161464
U00487,M00045,5,1639783937
U00487,M00103,4,1745926341
U00487,M00146,4,1712132827
U00487,M00150,5,1710629508
U00487,M00161,4,1746441985
U00487,M00121,4,1704683206
U00487,M00038,5,1631402075
U00487,M00171,3,1648810798
U00487,M00119,5,1676376486
U00487,M00138,5,1641681722
U00487,M00022,5,1617350063
U00487,M00148,3,1625264458
U00487,M00070,4,1660361957
U00487,M00131,4,1601306707
U00488,M00014,4,1720026330
U00488,M00148,5,1616581289
U00488,M00040,5,1664145695
U00488,M00105,4,1705979072
U00488,M00180,4,1646942948
U00488,M00073,4,1737643764
U00488,M00077,4,1617180699
U00488,M00157,4,1692118904
U00488,M00112,4,1603998833
U00488,M00060,3,1745824400
U00488,M00151,5,1685006945
U00488,M00080,5,1699613076
U00488,M00091,4,1647416150
U00488,M00010,4,1638845395
U00488,M00163,3,1738220217
U00488,M00043,3,1676427682
U00489,M00003,5,1688629919
U00489,M00054,5,1613223868
U00489,M00115,5,1679256975
U00489,M00185,4,1717782462
U00489,M00182,5,1697665826
U00489,M00029,4,1689006775
U00489,M00101,4,1653453206
U00489,M00128,4,1647301827
U00489,M00037,3,1685006586
U00489,M00188,4,1620662915
U00489,M00025,4,1675534869
U00489,M00180,5,1746703152
U00489,M00082,4,1665142117
U00489,M00004,5,1703221576
U00489,M00031,4,1684794739
U00489,M00102,4,1628482371
U00490,M00139,5,1616596919
U00490,M00164,4,1711523236
U00490,M00027,4,1635122991
U00490,M00152,5,1669259741
U00490,M00042,5,1632823312
U00490,M00114,5,1711701777
U00490,M00184,4,1685453840
U00490,M00035,4,1708145400
U00490,M00064,4,1656532266
U00490,M00126,4,1744447395
U00490,M00067,5,1615716770
U00490,M00006,5,1723557471
U00490,M00021,4,1687705870
U00490,M00030,3,1727600079
U00490,M00026,5,1673004531
U00490,M00093,4,1723388752
U00491,M00183,5,1706106901
U00491,M00093,4,1661558830
U00491,M00006,4,1612706883
U00491,M00112,4,1602272595
U00491,M00040,4,1619912862
U00491,M00114,4,1655992397
U00491,M00007,5,1697944435
U00491,M00075,5,1635684073
U00491,M00123,4,1745713901
U00491,M00165,5,1733296091
U00491,M00076,5,1644821577
U00491,M00169,4,1709531772
U00491,M00048,4,1602620918
U00491,M00175,3,1711236336
U00491,M00118,5,1712622926
U00491,M00190,5,1715208532
U00492,M00037,5,1697298116
U00492,M00013,4,1667451706
U00492,M00183,4,1619250750
U00492,M00124,5,1735838204
U00492,M00002,4,1603077833
U00492,M00179,5,1694999402
U00492,M00060,4,1735830739
U00492,M00074,5,1602073982
U00492,M00119,1,1626151829
U00492,M00004,4,1740621985
U00492,M00056,4,1658998275
U00492,M00078,4,1741942617
U00492,M00092,4,1703011213
U00492,M00145,5,1615545483
U00492,M00095,5,1643892835
U00492,M00032,5,1657689865
U00493,M00039,5,1646674632
U00493,M00031,3,1646749334
U00493,M00010,5,1692066031
U00493,M00186,4,1693512691
U00493,M00040,4,1614501774
U00493,M00112,4,1706753066
U00493,M00176,4,1713465590
U00493,M00156,4,1744743896
U00493,M00105,4,1658639271
U00493,M00149,5,1742926309
U00493,M00158,4,1694284408
U00493,M00164,5,1663601459
U00493,M00110,4,1721405189
U00493,M00015,5,1728432235
U00493,M00075,5,1718425292
U00493,M00033,4,1621918638
U00494,M00197,5,1628444317
U00494,M00019,5,1697522615
U00494,M00070,5,1672285122
U00494,M00097,4,1712935114
U00494,M00100,4,1695254893
U00494,M00053,3,1736684286
U00494,M00106,4,1705146833
U00494,M00002,5,1689176134
U00494,M00013,4,1701477773
U00494,M00153,5,1735952712
U00494,M00137,5,1717077122
U00494,M00162,4,1646307278
U00494,M00084,4,1666093227
U00494,M00012,4,1658964343
U00494,M00138,3,1616734179
U00494,M00026,3,1711245586
U00495,M00067,4,1625007192
U00495,M00097,3,1677702036
U00495,M00130,4,1724912844
U00495,M00184,5,1622329850
U00495,M00133,5,1735461537
U00495,M00163,3,1616105575
U00495,M00042,4,1651273891
U00495,M00190,4,1613555260
U00495,M00152,5,1748232273
U00495,M00026,4,1619995516
U00495,M00081,5,1737873991
U00495,M00178,4,1675851012
U00495,M00053,5,1630156440
U00495,M00027,4,1615168062
U00495,M00141,5,1727554439
U00495,M00021,4,1696513721
U00496,M00106,3,1690236875
U00496,M00186,5,1606442676
U00496,M00115,1,1733881107
U00496,M00175,5,1620678457
U00496,M00092,5,1713650357
U00496,M00011,1,1731241993
U00496,M00002,5,1643229948
U00496,M00078,5,1668241120
U00496,M00155,4,1631532731
U00496,M00074,4,1682209583
U00496,M00179,4,1704695083
U00496,M00185,5,1606462648
U00496,M00180,4,1651443206
U00496,M00032,4,1613294015
U00496,M00174,4,1693498807
U00496,M00060,5,1681284213
U00497,M00156,5,1601100170
U00497,M00056,4,1648069094
U00497,M00111,4,1654700602
U00497,M00032,5,1669630855
U00497,M00025,4,1642036693
U00497,M00046,5,1728987143
U00497,M00029,5,1633677219
U00497,M00008,5,1733736530
U00497,M00187,5,1603729151
U00497,M00037,5,1605708135
U00497,M00082,5,1673353512
U00497,M00092,3,1679873042
U00497,M00094,5,1710952365
U00497,M00071,5,1713226288
U00497,M00115,4,1664751356
U00497,M00101,5,1668553755
U00498,M00008,5,1639154596
U00498,M00018,5,1683621846
U00498,M00192,2,1730992803
U00498,M00115,4,1611954654
U00498,M00176,5,1691043126
U00498,M00082,5,1713410753
U00498,M00160,3,1689820419
U00498,M00025,5,1747149709
U00498,M00111,4,1681413125
U00498,M00102,5,1605987857
U00498,M00088,4,1600696259
U00498,M00147,3,1659469625
U00498,M00034,5,1684838407
U00498,M00134,5,1670189227
U00498,M00071,4,1745108364
U00498,M00029,5,1602785444
U00499,M00041,5,1625793531
U00499,M00192,5,1713227952
U00499,M00062,4,1618521864
U00499,M00116,4,1678507435
U00499,M00159,5,1717648212
U00499,M00151,5,1660773973
U00499,M00111,4,1738425242
U00499,M00070,5,1705055636
U00499,M00109,5,1676235669
U00499,M00050,5,1666320330
U00499,M00040,5,1712468453
U00499,M00138,5,1687069813
U00499,M00170,3,1659979376
U00499,M00065,5,1737809307
U00499,M00057,5,1740105315
U00499,M00061,5,1744568353
U00500,M00165,5,1622070956
U00500,M00181,4,1613804462
U00500,M00067,4,1651482434
U00500,M00006,4,1731854650
U00500,M00057,3,1655849268
U00500,M00136,4,1672916501
U00500,M00161,3,1745241060
U00500,M00144,5,1631401616
U00500,M00183,4,1699762964
U00500,M00139,5,1638676980
U00500,M00118,5,1714709857
U00500,M00120,5,1614885320
U00500,M00050,3,1632056081
U00500,M00086,4,1690989038
U00500,M00096,4,1704067870
U00500,M00163,5,1729762412
